,PopName,Area,Sex,Year,YearReg,RefCode,Access,Births,NoteCode1,NoteCode2,NoteCode3,LDB
0,IRL,1,m,1950,1950,6,O,32867,8,.,.,1
1,IRL,1,m,1951,1951,6,O,32303,8,.,.,1
2,IRL,1,m,1952,1952,6,O,33026,8,.,.,1
3,IRL,1,m,1953,1953,6,O,32241,8,.,.,1
4,IRL,1,m,1954,1954,6,O,32087,8,.,.,1
5,IRL,1,m,1955,1955,6,O,31483,8,.,.,1
6,IRL,1,m,1956,1956,6,O,31257,8,.,.,1
7,IRL,1,m,1957,1957,6,O,31335,8,.,.,1
8,IRL,1,m,1958,1958,6,O,30498,8,.,.,1
9,IRL,1,m,1959,1959,6,O,30685,8,.,.,1
10,IRL,1,m,1960,1960,6,O,31141,8,.,.,1
11,IRL,1,m,1961,1961,6,O,30687,8,.,.,1
12,IRL,1,m,1962,1962,6,O,31650,8,.,.,1
13,IRL,1,m,1963,1963,6,O,32486,8,.,.,1
14,IRL,1,m,1964,1964,6,O,32759,8,.,.,1
15,IRL,1,m,1965,1965,6,O,32438,8,.,.,1
16,IRL,1,m,1966,1966,6,O,32173,8,.,.,1
17,IRL,1,m,1967,1967,6,O,31642,8,.,.,1
18,IRL,1,m,1968,1968,6,O,31469,8,.,.,1
19,IRL,1,m,1969,1969,6,O,32143,8,.,.,1
20,IRL,1,m,1970,1970,6,O,33086,8,.,.,1
21,IRL,1,m,1971,1971,6,O,34751,8,.,.,1
22,IRL,1,m,1972,1972,6,O,35375,8,.,.,1
23,IRL,1,m,1973,1973,6,O,35304,8,.,.,1
24,IRL,1,m,1974,1974,6,O,35432,8,.,.,1
25,IRL,1,m,1975,1975,6,O,34532,8,.,.,1
26,IRL,1,m,1976,1976,6,O,34849,8,.,.,1
27,IRL,1,m,1977,1977,6,O,35518,8,.,.,1
28,IRL,1,m,1978,1978,6,O,35766,8,.,.,1
29,IRL,1,m,1979,1979,6,O,37355,8,.,.,1
30,IRL,1,m,1980,1980,6,O,38267,8,.,.,1
31,IRL,1,m,1981,1981,6,O,37075,8,.,.,1
32,IRL,1,m,1982,1982,6,O,36256,8,.,.,1
33,IRL,1,m,1983,1983,6,O,34642,8,.,.,1
34,IRL,1,m,1984,1984,6,O,33222,8,.,.,1
35,IRL,1,m,1985,1985,6,O,32068,8,.,.,1
36,IRL,1,m,1986,1986,6,O,31875,8,.,.,1
37,IRL,1,m,1987,1987,6,O,29931,8,.,.,1
38,IRL,1,m,1988,1988,6,O,28083,8,.,.,1
39,IRL,1,m,1989,1989,6,O,26754,8,.,.,1
40,IRL,1,m,1990,1990,6,O,27559,8,.,.,1
41,IRL,1,m,1991,1991,6,O,27122,8,.,.,1
42,IRL,1,m,1992,1992,6,O,26307,8,.,.,1
43,IRL,1,m,1993,1993,6,O,25359,8,.,.,1
44,IRL,1,m,1994,1994,6,O,24957,8,.,.,1
45,IRL,1,m,1995,1995,6,O,25153,8,.,.,1
46,IRL,1,m,1996,1996,6,O,26350,8,.,.,1
47,IRL,1,m,1997,1997,6,O,27061,8,.,.,1
48,IRL,1,m,1998,1998,6,O,27848,8,.,.,1
49,IRL,1,m,1999,1999,6,O,27817,8,.,.,1
50,IRL,1,m,2000,2000,6,O,28175,8,.,.,1
51,IRL,1,m,2001,2001,6,O,29684,8,.,.,1
52,IRL,1,m,2002,2002,6,O,31013,8,.,.,1
53,IRL,1,m,2003,2003,6,O,31455,8,.,.,1
54,IRL,1,m,2004,2004,6,O,31966,8,.,.,1
55,IRL,1,m,2005,2005,6,O,31489,8,.,.,1
56,IRL,1,m,2006,2006,6,O,33655,8,.,.,1
57,IRL,1,f,1950,1950,6,O,30698,8,.,.,1
58,IRL,1,f,1951,1951,6,O,30575,8,.,.,1
59,IRL,1,f,1952,1952,6,O,31605,8,.,.,1
60,IRL,1,f,1953,1953,6,O,30317,8,.,.,1
61,IRL,1,f,1954,1954,6,O,30447,8,.,.,1
62,IRL,1,f,1955,1955,6,O,30139,8,.,.,1
63,IRL,1,f,1956,1956,6,O,29483,8,.,.,1
64,IRL,1,f,1957,1957,6,O,29907,8,.,.,1
65,IRL,1,f,1958,1958,6,O,29012,8,.,.,1
66,IRL,1,f,1959,1959,6,O,29503,8,.,.,1
67,IRL,1,f,1960,1960,6,O,29594,8,.,.,1
68,IRL,1,f,1961,1961,6,O,29138,8,.,.,1
69,IRL,1,f,1962,1962,6,O,30132,8,.,.,1
70,IRL,1,f,1963,1963,6,O,30760,8,.,.,1
71,IRL,1,f,1964,1964,6,O,31313,8,.,.,1
72,IRL,1,f,1965,1965,6,O,31087,8,.,.,1
73,IRL,1,f,1966,1966,6,O,30042,8,.,.,1
74,IRL,1,f,1967,1967,6,O,29665,8,.,.,1
75,IRL,1,f,1968,1968,6,O,29535,8,.,.,1
76,IRL,1,f,1969,1969,6,O,30769,8,.,.,1
77,IRL,1,f,1970,1970,6,O,31198,8,.,.,1
78,IRL,1,f,1971,1971,6,O,32800,8,.,.,1
79,IRL,1,f,1972,1972,6,O,33152,8,.,.,1
80,IRL,1,f,1973,1973,6,O,33409,8,.,.,1
81,IRL,1,f,1974,1974,6,O,33475,8,.,.,1
82,IRL,1,f,1975,1975,6,O,32646,8,.,.,1
83,IRL,1,f,1976,1976,6,O,32869,8,.,.,1
84,IRL,1,f,1977,1977,6,O,33374,8,.,.,1
85,IRL,1,f,1978,1978,6,O,34533,8,.,.,1
86,IRL,1,f,1979,1979,6,O,35184,8,.,.,1
87,IRL,1,f,1980,1980,6,O,35797,8,.,.,1
88,IRL,1,f,1981,1981,6,O,35083,8,.,.,1
89,IRL,1,f,1982,1982,6,O,34587,8,.,.,1
90,IRL,1,f,1983,1983,6,O,32475,8,.,.,1
91,IRL,1,f,1984,1984,6,O,30840,8,.,.,1
92,IRL,1,f,1985,1985,6,O,30320,8,.,.,1
93,IRL,1,f,1986,1986,6,O,29745,8,.,.,1
94,IRL,1,f,1987,1987,6,O,28502,8,.,.,1
95,IRL,1,f,1988,1988,6,O,26517,8,.,.,1
96,IRL,1,f,1989,1989,6,O,25264,8,.,.,1
97,IRL,1,f,1990,1990,6,O,25485,8,.,.,1
98,IRL,1,f,1991,1991,6,O,25596,8,.,.,1
99,IRL,1,f,1992,1992,6,O,24782,8,.,.,1
100,IRL,1,f,1993,1993,6,O,23945,8,.,.,1
101,IRL,1,f,1994,1994,6,O,23298,8,.,.,1
102,IRL,1,f,1995,1995,6,O,23634,8,.,.,1
103,IRL,1,f,1996,1996,6,O,24305,8,.,.,1
104,IRL,1,f,1997,1997,6,O,25714,8,.,.,1
105,IRL,1,f,1998,1998,6,O,26121,8,.,.,1
106,IRL,1,f,1999,1999,6,O,26107,8,.,.,1
107,IRL,1,f,2000,2000,6,O,26614,8,.,.,1
108,IRL,1,f,2001,2001,6,O,28170,8,.,.,1
109,IRL,1,f,2002,2002,6,O,29490,8,.,.,1
110,IRL,1,f,2003,2003,6,O,30074,8,.,.,1
111,IRL,1,f,2004,2004,6,O,30006,8,.,.,1
112,IRL,1,f,2005,2005,6,O,29883,8,.,.,1
113,IRL,1,f,2006,2006,6,O,31770,8,.,.,1
114,IRL,1,m,2007,2007,6,O,36487,8,.,.,1
115,IRL,1,f,2007,2007,6,O,34902,8,.,.,1
116,IRL,1,m,2008,2008,6,O,38619,8,.,.,1
117,IRL,1,f,2008,2008,6,O,36554,8,.,.,1
118,IRL,1,m,2009,2009,6,O,38682,8,.,.,1
119,IRL,1,f,2009,2009,6,O,36872,8,.,.,1
120,IRL,1,m,2010,2010,6,O,38395,8,.,.,1
121,IRL,1,f,2010,2010,6,O,36779,8,.,.,1
122,IRL,1,m,2011,2011,6,O,37898,8,.,.,1
123,IRL,1,f,2011,2011,6,O,36135,8,.,.,1
124,IRL,1,m,2012,2012,21,O,36890,8,.,.,1
125,IRL,1,f,2012,2012,21,O,34784,8,.,.,1
126,IRL,1,m,2013,2013,21,O,35340,8,.,.,1
127,IRL,1,f,2013,2013,21,O,33614,8,.,.,1
128,IRL,1,m,2014,2014,21,O,34681,8,.,.,1
129,IRL,1,f,2014,2014,21,O,32614,8,.,.,1
130,IRL,1,m,2015,2015,21,O,33480,8,.,.,1
131,IRL,1,f,2015,2015,21,O,32056,8,.,.,1
132,IRL,1,m,2016,2016,21,O,32709,8,.,.,1
133,IRL,1,f,2016,2016,21,O,31132,8,.,.,1
134,IRL,1,m,2017,2017,34,O,31779,8,.,.,1
135,IRL,1,f,2017,2017,34,O,30045,8,.,.,1
136,IRL,1,m,2018,2018,34,O,31306,8,.,.,1
137,IRL,1,f,2018,2018,34,O,29716,8,.,.,1
138,IRL,1,m,2019,2019,35,O,30271,8,.,.,1
139,IRL,1,f,2019,2019,35,O,29023,8,.,.,1
140,IRL,1,m,2020,2020,39,O,28902,6,7,.,1
141,IRL,1,f,2020,2020,39,O,27057,6,7,.,1
0,USA,2,f,1933,1933,3,O,1122180,11,.,.,1
1,USA,2,m,1933,1933,3,O,1184820,11,.,.,1
2,USA,2,f,1934,1934,3,O,1166072,11,.,.,1
3,USA,2,m,1934,1934,3,O,1229928,11,.,.,1
4,USA,2,f,1935,1935,75,O,1158000,10,.,.,1
5,USA,2,m,1935,1935,75,O,1219000,10,.,.,1
6,USA,2,f,1936,1936,23,O,1148000,10,.,.,1
7,USA,2,m,1936,1936,23,O,1207000,10,.,.,1
8,USA,2,f,1937,1937,23,O,1175000,10,.,.,1
9,USA,2,m,1937,1937,23,O,1238000,10,.,.,1
10,USA,2,f,1938,1938,23,O,1217000,10,.,.,1
11,USA,2,m,1938,1938,23,O,1280000,10,.,.,1
12,USA,2,f,1939,1939,23,O,1201000,10,.,.,1
13,USA,2,m,1939,1939,23,O,1265000,10,.,.,1
14,USA,2,f,1940,1940,75,O,1246000,10,.,.,1
15,USA,2,m,1940,1940,75,O,1313000,10,.,.,1
16,USA,2,f,1941,1941,75,O,1316000,10,.,.,1
17,USA,2,m,1941,1941,75,O,1387000,10,.,.,1
18,USA,2,f,1942,1942,75,O,1452000,10,.,.,1
19,USA,2,m,1942,1942,75,O,1537000,10,.,.,1
20,USA,2,f,1943,1943,75,O,1510000,10,.,.,1
21,USA,2,m,1943,1943,75,O,1593000,10,.,.,1
22,USA,2,f,1944,1944,75,O,1430000,10,.,.,1
23,USA,2,m,1944,1944,75,O,1509000,10,.,.,1
24,USA,2,f,1945,1945,75,O,1391000,10,.,.,1
25,USA,2,m,1945,1945,75,O,1467000,10,.,.,1
26,USA,2,f,1946,1946,75,O,1657000,10,.,.,1
27,USA,2,m,1946,1946,75,O,1754000,10,.,.,1
28,USA,2,f,1947,1947,75,O,1857000,10,.,.,1
29,USA,2,m,1947,1947,75,O,1960000,10,.,.,1
30,USA,2,f,1948,1948,75,O,1771000,10,.,.,1
31,USA,2,m,1948,1948,75,O,1866000,10,.,.,1
32,USA,2,f,1949,1949,75,O,1777000,10,.,.,1
33,USA,2,m,1949,1949,75,O,1872000,10,.,.,1
34,USA,2,f,1950,1950,75,O,1768000,10,.,.,1
35,USA,2,m,1950,1950,75,O,1863000,10,.,.,1
36,USA,2,f,1951,1951,75,O,1863000,10,.,.,1
37,USA,2,m,1951,1951,75,O,1960000,10,.,.,1
38,USA,2,f,1952,1952,75,O,1908000,10,.,.,1
39,USA,2,m,1952,1952,75,O,2005000,10,.,.,1
40,USA,2,f,1953,1953,75,O,1931000,10,.,.,1
41,USA,2,m,1953,1953,75,O,2034000,10,.,.,1
42,USA,2,f,1954,1954,75,O,1988000,10,.,.,1
43,USA,2,m,1954,1954,75,O,2090000,10,.,.,1
44,USA,2,f,1955,1955,75,O,2001000,10,.,.,1
45,USA,2,m,1955,1955,75,O,2103000,10,.,.,1
46,USA,2,f,1956,1956,75,O,2056000,10,.,.,1
47,USA,2,m,1956,1956,75,O,2162000,10,.,.,1
48,USA,2,f,1957,1957,75,O,2101000,10,.,.,1
49,USA,2,m,1957,1957,75,O,2207000,10,.,.,1
50,USA,2,f,1958,1958,75,O,2076000,10,.,.,1
51,USA,2,m,1958,1958,75,O,2179000,10,.,.,1
52,USA,1,f,1959,1959,75,O,2104312,8,.,.,1
53,USA,1,m,1959,1959,75,O,2207788,8,.,.,1
54,USA,1,f,1960,1960,87,O,2078142,.,.,.,1
55,USA,1,m,1960,1960,87,O,2179708,.,.,.,1
56,USA,1,f,1961,1961,91,O,2082052,.,.,.,1
57,USA,1,m,1961,1961,91,O,2186274,.,.,.,1
58,USA,1,f,1962,1962,95,O,2034896,.,.,.,1
59,USA,1,m,1962,1962,95,O,2132466,.,.,.,1
60,USA,1,f,1963,1963,99,O,1996388,.,.,.,1
61,USA,1,m,1963,1963,99,O,2101632,.,.,.,1
62,USA,1,f,1964,1964,103,O,1967328,.,.,.,1
63,USA,1,m,1964,1964,103,O,2060162,.,.,.,1
64,USA,1,f,1965,1965,107,O,1833304,.,.,.,1
65,USA,1,m,1965,1965,107,O,1927054,.,.,.,1
66,USA,1,f,1966,1966,111,O,1760412,.,.,.,1
67,USA,1,m,1966,1966,111,O,1845862,.,.,.,1
68,USA,1,f,1967,1967,115,O,1717571,9,.,.,1
69,USA,1,m,1967,1967,115,O,1803388,9,.,.,1
70,USA,1,f,1968,1968,121,O,1705238,.,.,.,1
71,USA,1,m,1968,1968,121,O,1796326,.,.,.,1
72,USA,1,f,1969,1969,127,O,1753634,.,.,.,1
73,USA,1,m,1969,1969,127,O,1846572,.,.,.,1
74,USA,1,f,1970,1970,131,O,1816008,.,.,.,1
75,USA,1,m,1970,1970,131,O,1915378,.,.,.,1
76,USA,1,f,1971,1971,135,O,1733060,.,.,.,1
77,USA,1,m,1971,1971,135,O,1822910,.,.,.,1
78,USA,1,f,1972,1972,139,O,1588484,.,.,.,1
79,USA,1,m,1972,1972,139,O,1669927,.,.,.,1
80,USA,1,f,1973,1973,143,O,1528639,.,.,.,1
81,USA,1,m,1973,1973,143,O,1608326,.,.,.,1
82,USA,1,f,1974,1974,147,O,1537844,.,.,.,1
83,USA,1,m,1974,1974,147,O,1622114,.,.,.,1
84,USA,1,f,1975,1975,151,O,1531063,.,.,.,1
85,USA,1,m,1975,1975,151,O,1613135,.,.,.,1
86,USA,1,f,1976,1976,155,O,1543352,.,.,.,1
87,USA,1,m,1976,1976,155,O,1624436,.,.,.,1
88,USA,1,f,1977,1977,159,O,1620716,.,.,.,1
89,USA,1,m,1977,1977,159,O,1705916,.,.,.,1
90,USA,1,f,1978,1978,163,O,1623885,.,.,.,1
91,USA,1,m,1978,1978,163,O,1709394,.,.,.,1
92,USA,1,f,1979,1979,167,O,1703131,.,.,.,1
93,USA,1,m,1979,1979,167,O,1791267,.,.,.,1
94,USA,1,f,1980,1980,173,O,1759642,.,.,.,1
95,USA,1,m,1980,1980,173,O,1852616,.,.,.,1
96,USA,1,f,1981,1981,177,O,1768966,.,.,.,1
97,USA,1,m,1981,1981,177,O,1860272,.,.,.,1
98,USA,1,f,1982,1982,181,O,1794861,.,.,.,1
99,USA,1,m,1982,1982,181,O,1885676,.,.,.,1
100,USA,1,f,1983,1983,185,O,1773380,.,.,.,1
101,USA,1,m,1983,1983,185,O,1865553,.,.,.,1
102,USA,1,f,1984,1984,189,O,1789651,.,.,.,1
103,USA,1,m,1984,1984,189,O,1879490,.,.,.,1
104,USA,1,f,1985,1985,193,O,1832578,.,.,.,1
105,USA,1,m,1985,1985,193,O,1927983,.,.,.,1
106,USA,1,f,1986,1986,197,O,1831679,.,.,.,1
107,USA,1,m,1986,1986,197,O,1924868,.,.,.,1
108,USA,1,f,1987,1987,201,O,1858241,.,.,.,1
109,USA,1,m,1987,1987,201,O,1951153,.,.,.,1
110,USA,1,f,1988,1988,205,O,1907086,.,.,.,1
111,USA,1,m,1988,1988,205,O,2002424,.,.,.,1
112,USA,1,f,1989,1989,209,O,1971468,.,.,.,1
113,USA,1,m,1989,1989,209,O,2069490,.,.,.,1
114,USA,1,f,1990,1990,211,O,2028717,.,.,.,1
115,USA,1,m,1990,1990,211,O,2129495,.,.,.,1
116,USA,1,f,1991,1991,213,O,2009389,.,.,.,1
117,USA,1,m,1991,1991,213,O,2101518,.,.,.,1
118,USA,1,f,1992,1992,215,O,1982917,.,.,.,1
119,USA,1,m,1992,1992,215,O,2082097,.,.,.,1
120,USA,1,f,1993,1993,217,O,1951379,.,.,.,1
121,USA,1,m,1993,1993,217,O,2048861,.,.,.,1
122,USA,1,f,1994,1994,219,O,1930178,.,.,.,1
123,USA,1,m,1994,1994,219,O,2022589,.,.,.,1
124,USA,1,f,1995,1995,221,O,1903234,.,.,.,1
125,USA,1,m,1995,1995,221,O,1996355,.,.,.,1
126,USA,1,f,1996,1996,223,O,1901014,.,.,.,1
127,USA,1,m,1996,1996,223,O,1990480,.,.,.,1
128,USA,1,f,1997,1997,225,O,1895298,.,.,.,1
129,USA,1,m,1997,1997,225,O,1985596,.,.,.,1
130,USA,1,f,1998,1998,227,O,1925348,.,.,.,1
131,USA,1,m,1998,1998,227,O,2016205,.,.,.,1
132,USA,1,f,1999,1999,229,O,1932563,.,.,.,1
133,USA,1,m,1999,1999,229,O,2026854,.,.,.,1
134,USA,1,f,2000,2000,235,O,1981845,.,.,.,1
135,USA,1,m,2000,2000,235,O,2076969,.,.,.,1
136,USA,1,f,2001,2001,237,O,1968011,.,.,.,1
137,USA,1,m,2001,2001,237,O,2057922,.,.,.,1
138,USA,1,f,2002,2002,239,O,1963747,.,.,.,1
139,USA,1,m,2002,2002,239,O,2057979,.,.,.,1
140,USA,1,f,2003,2003,241,O,1996415,.,.,.,1
141,USA,1,m,2003,2003,241,O,2093535,.,.,.,1
142,USA,1,f,2004,2004,243,O,2007391,.,.,.,1
143,USA,1,m,2004,2004,243,O,2104661,.,.,.,1
144,USA,1,f,2005,2005,245,O,2019367,.,.,.,1
145,USA,1,m,2005,2005,245,O,2118982,.,.,.,1
146,USA,1,f,2006,2006,247,O,2081318,.,.,.,1
147,USA,1,m,2006,2006,247,O,2184237,.,.,.,1
148,USA,1,f,2007,2007,249,O,2108162,.,.,.,1
149,USA,1,m,2007,2007,249,O,2208071,.,.,.,1
150,USA,1,f,2008,2008,251,O,2074305,.,.,.,1
151,USA,1,m,2008,2008,251,O,2173389,.,.,.,1
152,USA,1,f,2009,2009,255,O,2016809,.,.,.,1
153,USA,1,m,2009,2009,255,O,2113856,.,.,.,1
154,USA,1,f,2010,2010,259,O,1952451,.,.,.,1
155,USA,1,m,2010,2010,259,O,2046935,.,.,.,1
156,USA,1,f,2011,2011,263,O,1929538,.,.,.,1
157,USA,1,m,2011,2011,263,O,2024052,.,.,.,1
158,USA,1,f,2012,2012,265,O,1931407,.,.,.,1
159,USA,1,m,2012,2012,265,O,2021434,.,.,.,1
160,USA,1,f,2013,2013,269,O,1919227,.,.,.,1
161,USA,1,m,2013,2013,269,O,2012954,.,.,.,1
162,USA,1,f,2014,2014,275,O,1947375,.,.,.,1
163,USA,1,m,2014,2014,275,O,2040701,.,.,.,1
164,USA,1,f,2015,2015,282,O,1942336,.,.,.,1
165,USA,1,m,2015,2015,282,O,2036161,.,.,.,1
166,USA,1,f,2016,2016,284,O,1927692,.,.,.,1
167,USA,1,m,2016,2016,284,O,2018183,.,.,.,1
168,USA,1,f,2017,2017,291,O,1882615,.,.,.,1
169,USA,1,m,2017,2017,291,O,1972885,.,.,.,1
170,USA,1,f,2018,2018,295,O,1853533,.,.,.,1
171,USA,1,m,2018,2018,295,O,1938179,.,.,.,1
172,USA,1,f,2019,2019,300,O,1830094,.,.,.,1
173,USA,1,m,2019,2019,300,O,1917446,.,.,.,1
174,USA,1,f,2020,2020,304,O,1765555,.,.,.,1
175,USA,1,m,2020,2020,304,O,1848092,.,.,.,1
176,USA,1,f,2021,2021,307,O,1790876,.,.,.,1
177,USA,1,m,2021,2021,307,O,1873416,.,.,.,1
0,AUS,1,f,1860,1860,32,O,23262,10,8,.,1
1,AUS,1,m,1860,1860,32,O,24464,10,8,.,1
2,AUS,1,f,1861,1861,32,O,23806,10,8,.,1
3,AUS,1,m,1861,1861,32,O,25102,10,8,.,1
4,AUS,1,f,1862,1862,32,O,24896,10,8,.,1
5,AUS,1,m,1862,1862,32,O,26483,10,8,.,1
6,AUS,1,f,1863,1863,32,O,25134,10,8,.,1
7,AUS,1,m,1863,1863,32,O,26233,10,8,.,1
8,AUS,1,f,1864,1864,32,O,26838,10,8,.,1
9,AUS,1,m,1864,1864,32,O,28608,10,8,.,1
10,AUS,1,f,1865,1865,32,O,27986,10,8,.,1
11,AUS,1,m,1865,1865,32,O,29175,10,8,.,1
12,AUS,1,f,1866,1866,32,O,27457,10,8,.,1
13,AUS,1,m,1866,1866,32,O,28927,10,8,.,1
14,AUS,1,f,1867,1867,32,O,28922,10,8,.,1
15,AUS,1,m,1867,1867,32,O,30245,10,8,.,1
16,AUS,1,f,1868,1868,32,O,29896,10,8,.,1
17,AUS,1,m,1868,1868,32,O,31269,10,8,.,1
18,AUS,1,f,1869,1869,32,O,29527,10,8,.,1
19,AUS,1,m,1869,1869,32,O,30996,10,8,.,1
20,AUS,1,f,1870,1870,32,O,30437,10,8,.,1
21,AUS,1,m,1870,1870,32,O,32195,10,8,.,1
22,AUS,1,f,1871,1871,32,O,30921,10,8,.,1
23,AUS,1,m,1871,1871,32,O,32704,10,8,.,1
24,AUS,1,f,1872,1872,32,O,31589,10,8,.,1
25,AUS,1,m,1872,1872,32,O,32233,10,8,.,1
26,AUS,1,f,1873,1873,32,O,32561,10,8,.,1
27,AUS,1,m,1873,1873,32,O,33667,10,8,.,1
28,AUS,1,f,1874,1874,32,O,32809,10,8,.,1
29,AUS,1,m,1874,1874,32,O,34221,10,8,.,1
30,AUS,1,f,1875,1875,32,O,32970,10,8,.,1
31,AUS,1,m,1875,1875,32,O,34257,10,8,.,1
32,AUS,1,f,1876,1876,32,O,33903,10,8,.,1
33,AUS,1,m,1876,1876,32,O,35358,10,8,.,1
34,AUS,1,f,1877,1877,32,O,34041,10,8,.,1
35,AUS,1,m,1877,1877,32,O,35752,10,8,.,1
36,AUS,1,f,1878,1878,32,O,35321,10,8,.,1
37,AUS,1,m,1878,1878,32,O,37640,10,8,.,1
38,AUS,1,f,1879,1879,32,O,37203,10,8,.,1
39,AUS,1,m,1879,1879,32,O,38882,10,8,.,1
40,AUS,1,f,1880,1880,32,O,37757,10,8,.,1
41,AUS,1,m,1880,1880,32,O,39683,10,8,.,1
42,AUS,1,f,1881,1881,32,O,38884,10,8,.,1
43,AUS,1,m,1881,1881,32,O,41120,10,8,.,1
44,AUS,1,f,1882,1882,32,O,39600,10,8,.,1
45,AUS,1,m,1882,1882,32,O,41343,10,8,.,1
46,AUS,1,f,1883,1883,32,O,41533,10,8,.,1
47,AUS,1,m,1883,1883,32,O,43669,10,8,.,1
48,AUS,1,f,1884,1884,32,O,44392,10,8,.,1
49,AUS,1,m,1884,1884,32,O,46602,10,8,.,1
50,AUS,1,f,1885,1885,32,O,46210,10,8,.,1
51,AUS,1,m,1885,1885,32,O,48363,10,8,.,1
52,AUS,1,f,1886,1886,32,O,47227,10,8,.,1
53,AUS,1,m,1886,1886,32,O,49733,10,8,.,1
54,AUS,1,f,1887,1887,32,O,49309,10,8,.,1
55,AUS,1,m,1887,1887,32,O,51607,10,8,.,1
56,AUS,1,f,1888,1888,32,O,50888,10,8,.,1
57,AUS,1,m,1888,1888,32,O,53192,10,8,.,1
58,AUS,1,f,1889,1889,32,O,50678,10,8,.,1
59,AUS,1,m,1889,1889,32,O,54046,10,8,.,1
60,AUS,1,f,1890,1890,32,O,53384,10,8,.,1
61,AUS,1,m,1890,1890,32,O,55299,10,8,.,1
62,AUS,1,f,1891,1891,32,O,53758,10,8,.,1
63,AUS,1,m,1891,1891,32,O,56429,10,8,.,1
64,AUS,1,f,1892,1892,32,O,53699,10,8,.,1
65,AUS,1,m,1892,1892,32,O,56459,10,8,.,1
66,AUS,1,f,1893,1893,32,O,53125,10,8,.,1
67,AUS,1,m,1893,1893,32,O,56197,10,8,.,1
68,AUS,1,f,1894,1894,32,O,50957,10,8,.,1
69,AUS,1,m,1894,1894,32,O,53703,10,8,.,1
70,AUS,1,f,1895,1895,32,O,51184,10,8,.,1
71,AUS,1,m,1895,1895,32,O,53900,10,8,.,1
72,AUS,1,f,1896,1896,32,O,48979,10,8,.,1
73,AUS,1,m,1896,1896,32,O,51155,10,8,.,1
74,AUS,1,f,1897,1897,32,O,49440,10,8,.,1
75,AUS,1,m,1897,1897,32,O,51697,10,8,.,1
76,AUS,1,f,1898,1898,32,O,48041,10,8,.,1
77,AUS,1,m,1898,1898,32,O,50804,10,8,.,1
78,AUS,1,f,1899,1899,32,O,49209,10,8,.,1
79,AUS,1,m,1899,1899,32,O,51429,10,8,.,1
80,AUS,1,f,1900,1900,32,O,49881,10,8,.,1
81,AUS,1,m,1900,1900,32,O,52340,10,8,.,1
82,AUS,1,f,1901,1901,32,O,50436,10,8,.,1
83,AUS,1,m,1901,1901,32,O,52509,10,8,.,1
84,AUS,1,f,1902,1902,32,O,50160,10,8,.,1
85,AUS,1,m,1902,1902,32,O,52616,10,8,.,1
86,AUS,1,f,1903,1903,32,O,48037,10,8,.,1
87,AUS,1,m,1903,1903,32,O,50406,10,8,.,1
88,AUS,1,f,1904,1904,32,O,50755,10,8,.,1
89,AUS,1,m,1904,1904,32,O,53358,10,8,.,1
90,AUS,1,f,1905,1905,32,O,51046,10,8,.,1
91,AUS,1,m,1905,1905,32,O,53895,10,8,.,1
92,AUS,1,f,1906,1906,32,O,52376,10,8,.,1
93,AUS,1,m,1906,1906,32,O,55514,10,8,.,1
94,AUS,1,f,1907,1907,32,O,53858,10,8,.,1
95,AUS,1,m,1907,1907,32,O,56489,10,8,.,1
96,AUS,1,f,1908,1908,32,O,54432,10,8,.,1
97,AUS,1,m,1908,1908,32,O,57113,10,8,.,1
98,AUS,1,f,1909,1909,32,O,55589,10,8,.,1
99,AUS,1,m,1909,1909,32,O,58482,10,8,.,1
100,AUS,1,f,1910,1910,32,O,56595,10,8,.,1
101,AUS,1,m,1910,1910,32,O,60206,10,8,.,1
102,AUS,1,f,1911,1911,32,O,59685,10,8,.,1
103,AUS,1,m,1911,1911,32,O,62508,10,8,.,1
104,AUS,1,f,1912,1912,32,O,65066,10,8,.,1
105,AUS,1,m,1912,1912,32,O,68022,10,8,.,1
106,AUS,1,f,1913,1913,32,O,66280,10,8,.,1
107,AUS,1,m,1913,1913,32,O,69434,10,8,.,1
108,AUS,1,f,1914,1914,32,O,67379,10,8,.,1
109,AUS,1,m,1914,1914,32,O,70604,10,8,.,1
110,AUS,1,f,1915,1915,32,O,65822,10,8,.,1
111,AUS,1,m,1915,1915,32,O,69049,10,8,.,1
112,AUS,1,f,1916,1916,32,O,63921,10,8,.,1
113,AUS,1,m,1916,1916,32,O,67505,10,8,.,1
114,AUS,1,f,1917,1917,32,O,63082,10,8,.,1
115,AUS,1,m,1917,1917,32,O,66883,10,8,.,1
116,AUS,1,f,1918,1918,32,O,61281,10,8,.,1
117,AUS,1,m,1918,1918,32,O,64458,10,8,.,1
118,AUS,1,f,1919,1919,32,O,59359,10,8,.,1
119,AUS,1,m,1919,1919,32,O,62931,10,8,.,1
120,AUS,1,f,1920,1920,32,O,66150,10,8,.,1
121,AUS,1,m,1920,1920,32,O,70256,10,8,.,1
122,AUS,1,f,1921,1921,3,O,66159,.,.,.,1
123,AUS,1,m,1921,1921,3,O,70039,.,.,.,1
124,AUS,1,f,1922,1922,3,O,66914,.,.,.,1
125,AUS,1,m,1922,1922,3,O,70582,.,.,.,1
126,AUS,1,f,1923,1923,3,O,65857,.,.,.,1
127,AUS,1,m,1923,1923,3,O,69365,.,.,.,1
128,AUS,1,f,1924,1924,3,O,66127,.,.,.,1
129,AUS,1,m,1924,1924,3,O,68800,.,.,.,1
130,AUS,1,f,1925,1925,3,O,66250,.,.,.,1
131,AUS,1,m,1925,1925,3,O,69542,.,.,.,1
132,AUS,1,f,1926,1926,3,O,64740,.,.,.,1
133,AUS,1,m,1926,1926,3,O,68422,.,.,.,1
134,AUS,1,f,1927,1927,3,O,64818,.,.,.,1
135,AUS,1,m,1927,1927,3,O,68880,.,.,.,1
136,AUS,1,f,1928,1928,3,O,64926,.,.,.,1
137,AUS,1,m,1928,1928,3,O,69152,.,.,.,1
138,AUS,1,f,1929,1929,3,O,62857,.,.,.,1
139,AUS,1,m,1929,1929,3,O,66623,.,.,.,1
140,AUS,1,f,1930,1930,3,O,62516,.,.,.,1
141,AUS,1,m,1930,1930,3,O,65883,.,.,.,1
142,AUS,1,f,1931,1931,3,O,57488,.,.,.,1
143,AUS,1,m,1931,1931,3,O,61021,.,.,.,1
144,AUS,1,f,1932,1932,3,O,53958,.,.,.,1
145,AUS,1,m,1932,1932,3,O,56975,.,.,.,1
146,AUS,1,f,1933,1933,3,O,54109,.,.,.,1
147,AUS,1,m,1933,1933,3,O,57160,.,.,.,1
148,AUS,1,f,1934,1934,3,O,53627,.,.,.,1
149,AUS,1,m,1934,1934,3,O,55848,.,.,.,1
150,AUS,1,f,1935,1935,3,O,54433,.,.,.,1
151,AUS,1,m,1935,1935,3,O,56892,.,.,.,1
152,AUS,1,f,1936,1936,3,O,56679,.,.,.,1
153,AUS,1,m,1936,1936,3,O,59394,.,.,.,1
154,AUS,1,f,1937,1937,3,O,58226,.,.,.,1
155,AUS,1,m,1937,1937,3,O,60905,.,.,.,1
156,AUS,1,f,1938,1938,3,O,58523,.,.,.,1
157,AUS,1,m,1938,1938,3,O,61892,.,.,.,1
158,AUS,1,f,1939,1939,3,O,59838,.,.,.,1
159,AUS,1,m,1939,1939,3,O,63053,.,.,.,1
160,AUS,1,f,1940,1940,3,O,61752,.,.,.,1
161,AUS,1,m,1940,1940,3,O,64595,.,.,.,1
162,AUS,1,f,1941,1941,3,O,65564,.,.,.,1
163,AUS,1,m,1941,1941,3,O,68961,.,.,.,1
164,AUS,1,f,1942,1942,3,O,66481,.,.,.,1
165,AUS,1,m,1942,1942,3,O,70227,.,.,.,1
166,AUS,1,f,1943,1943,3,O,72942,.,.,.,1
167,AUS,1,m,1943,1943,3,O,76353,.,.,.,1
168,AUS,1,f,1944,1944,3,O,75002,.,.,.,1
169,AUS,1,m,1944,1944,3,O,78342,.,.,.,1
170,AUS,1,f,1945,1945,3,O,78103,.,.,.,1
171,AUS,1,m,1945,1945,3,O,82457,.,.,.,1
172,AUS,1,f,1946,1946,3,O,85411,.,.,.,1
173,AUS,1,m,1946,1946,3,O,90968,.,.,.,1
174,AUS,1,f,1947,1947,3,O,88566,.,.,.,1
175,AUS,1,m,1947,1947,3,O,93818,.,.,.,1
176,AUS,1,f,1948,1948,3,O,86665,.,.,.,1
177,AUS,1,m,1948,1948,3,O,91311,.,.,.,1
178,AUS,1,f,1949,1949,3,O,88515,.,.,.,1
179,AUS,1,m,1949,1949,3,O,92746,.,.,.,1
180,AUS,1,f,1950,1950,3,O,92761,.,.,.,1
181,AUS,1,m,1950,1950,3,O,97830,.,.,.,1
182,AUS,1,f,1951,1951,3,O,93897,.,.,.,1
183,AUS,1,m,1951,1951,3,O,99401,.,.,.,1
184,AUS,1,f,1952,1952,3,O,98269,.,.,.,1
185,AUS,1,m,1952,1952,3,O,103381,.,.,.,1
186,AUS,1,f,1953,1953,3,O,98736,.,.,.,1
187,AUS,1,m,1953,1953,3,O,103499,.,.,.,1
188,AUS,1,f,1954,1954,3,O,98701,.,.,.,1
189,AUS,1,m,1954,1954,3,O,103555,.,.,.,1
190,AUS,1,f,1955,1955,3,O,101227,.,.,.,1
191,AUS,1,m,1955,1955,3,O,106450,.,.,.,1
192,AUS,1,f,1956,1956,3,O,102544,.,.,.,1
193,AUS,1,m,1956,1956,3,O,109589,.,.,.,1
194,AUS,1,f,1957,1957,3,O,107121,.,.,.,1
195,AUS,1,m,1957,1957,3,O,113237,.,.,.,1
196,AUS,1,f,1958,1958,3,O,108547,.,.,.,1
197,AUS,1,m,1958,1958,3,O,113957,.,.,.,1
198,AUS,1,f,1959,1959,3,O,110735,.,.,.,1
199,AUS,1,m,1959,1959,3,O,116241,.,.,.,1
200,AUS,1,f,1960,1960,3,O,111911,.,.,.,1
201,AUS,1,m,1960,1960,3,O,118415,.,.,.,1
202,AUS,1,f,1961,1961,3,O,116874,.,.,.,1
203,AUS,1,m,1961,1961,3,O,123112,.,.,.,1
204,AUS,1,f,1962,1962,3,O,114971,.,.,.,1
205,AUS,1,m,1962,1962,3,O,122110,.,.,.,1
206,AUS,1,f,1963,1963,3,O,114553,.,.,.,1
207,AUS,1,m,1963,1963,3,O,121136,.,.,.,1
208,AUS,1,f,1964,1964,3,O,111087,.,.,.,1
209,AUS,1,m,1964,1964,3,O,118062,.,.,.,1
210,AUS,1,f,1965,1965,3,O,108388,.,.,.,1
211,AUS,1,m,1965,1965,3,O,114466,.,.,.,1
212,AUS,1,f,1966,1966,3,O,108653,.,.,.,1
213,AUS,1,m,1966,1966,3,O,115078,.,.,.,1
214,AUS,1,f,1967,1967,3,O,111616,.,.,.,1
215,AUS,1,m,1967,1967,3,O,117680,.,.,.,1
216,AUS,1,f,1968,1968,3,O,117279,.,.,.,1
217,AUS,1,m,1968,1968,3,O,123627,.,.,.,1
218,AUS,1,f,1969,1969,3,O,121905,.,.,.,1
219,AUS,1,m,1969,1969,3,O,128271,.,.,.,1
220,AUS,1,f,1970,1970,3,O,125544,.,.,.,1
221,AUS,1,m,1970,1970,3,O,131972,.,.,.,1
222,AUS,1,f,1971,1971,3,O,135248,.,.,.,1
223,AUS,1,m,1971,1971,3,O,141114,.,.,.,1
224,AUS,1,f,1972,1972,3,O,128960,.,.,.,1
225,AUS,1,m,1972,1972,3,O,136009,.,.,.,1
226,AUS,1,f,1973,1973,3,O,120701,.,.,.,1
227,AUS,1,m,1973,1973,3,O,126969,.,.,.,1
228,AUS,1,f,1974,1974,3,O,118882,.,.,.,1
229,AUS,1,m,1974,1974,3,O,126295,.,.,.,1
230,AUS,1,f,1975,1975,63,O,113012,.,.,.,1
231,AUS,1,m,1975,1975,63,O,119726,.,.,.,1
232,AUS,1,f,1976,1976,63,O,110761,.,.,.,1
233,AUS,1,m,1976,1976,63,O,116598,.,.,.,1
234,AUS,1,f,1977,1977,63,O,110070,.,.,.,1
235,AUS,1,m,1977,1977,63,O,117002,.,.,.,1
236,AUS,1,f,1978,1978,63,O,109763,.,.,.,1
237,AUS,1,m,1978,1978,63,O,115187,.,.,.,1
238,AUS,1,f,1979,1979,63,O,108462,.,.,.,1
239,AUS,1,m,1979,1979,63,O,114859,.,.,.,1
240,AUS,1,f,1980,1980,63,O,110192,.,.,.,1
241,AUS,1,m,1980,1980,63,O,116282,.,.,.,1
242,AUS,1,f,1981,1981,63,O,115511,.,.,.,1
243,AUS,1,m,1981,1981,63,O,122141,.,.,.,1
244,AUS,1,f,1982,1982,63,O,116038,.,.,.,1
245,AUS,1,m,1982,1982,63,O,122737,.,.,.,1
246,AUS,1,f,1983,1983,63,O,118256,.,.,.,1
247,AUS,1,m,1983,1983,63,O,124746,.,.,.,1
248,AUS,1,f,1984,1984,63,O,118256,.,.,.,1
249,AUS,1,m,1984,1984,63,O,123982,.,.,.,1
250,AUS,1,f,1985,1985,63,O,118886,.,.,.,1
251,AUS,1,m,1985,1985,63,O,125151,.,.,.,1
252,AUS,1,f,1986,1986,63,O,118641,.,.,.,1
253,AUS,1,m,1986,1986,63,O,125245,.,.,.,1
254,AUS,1,f,1987,1987,63,O,118856,.,.,.,1
255,AUS,1,m,1987,1987,63,O,125343,.,.,.,1
256,AUS,1,f,1988,1988,63,O,122483,.,.,.,1
257,AUS,1,m,1988,1988,63,O,128825,.,.,.,1
258,AUS,1,f,1989,1989,63,O,124089,.,.,.,1
259,AUS,1,m,1989,1989,63,O,130517,.,.,.,1
260,AUS,1,f,1990,1990,63,O,127810,.,.,.,1
261,AUS,1,m,1990,1990,63,O,135002,.,.,.,1
262,AUS,1,f,1991,1991,63,O,125601,.,.,.,1
263,AUS,1,m,1991,1991,63,O,132673,.,.,.,1
264,AUS,1,f,1992,1992,63,O,128743,.,.,.,1
265,AUS,1,m,1992,1992,63,O,135511,.,.,.,1
266,AUS,1,f,1993,1993,63,O,127177,.,.,.,1
267,AUS,1,m,1993,1993,63,O,134344,.,.,.,1
268,AUS,1,f,1994,1994,63,O,127504,.,.,.,1
269,AUS,1,m,1994,1994,63,O,134708,.,.,.,1
270,AUS,1,f,1995,1995,63,O,126674,.,.,.,1
271,AUS,1,m,1995,1995,63,O,133482,.,.,.,1
272,AUS,1,f,1996,1996,63,O,125288,.,.,.,1
273,AUS,1,m,1996,1996,63,O,132586,.,.,.,1
274,AUS,1,f,1997,1997,63,O,124546,.,.,.,1
275,AUS,1,m,1997,1997,63,O,130932,.,.,.,1
276,AUS,1,f,1998,1998,63,O,123631,.,.,.,1
277,AUS,1,m,1998,1998,63,O,129872,.,.,.,1
278,AUS,1,f,1999,1999,63,O,125036,.,.,.,1
279,AUS,1,m,1999,1999,63,O,131296,.,.,.,1
280,AUS,1,f,2000,2000,63,O,124627,.,.,.,1
281,AUS,1,m,2000,2000,63,O,131186,.,.,.,1
282,AUS,1,f,2001,2001,63,O,122483,.,.,.,1
283,AUS,1,m,2001,2001,63,O,129065,.,.,.,1
284,AUS,1,f,2002,2002,63,O,123572,.,.,.,1
285,AUS,1,m,2002,2002,63,O,129821,.,.,.,1
286,AUS,1,f,2003,2003,63,O,123285,.,.,.,1
287,AUS,1,m,2003,2003,63,O,130491,.,.,.,1
288,AUS,1,f,2004,2004,63,O,123566,.,.,.,1
289,AUS,1,m,2004,2004,63,O,130757,.,.,.,1
290,AUS,1,f,2005,2005,63,O,131015,.,.,.,1
291,AUS,1,m,2005,2005,63,O,137996,.,.,.,1
292,AUS,1,f,2006,2006,63,O,134102,.,.,.,1
293,AUS,1,m,2006,2006,63,O,142175,.,.,.,1
294,AUS,1,f,2007,2007,63,O,141355,.,.,.,1
295,AUS,1,m,2007,2007,63,O,149293,.,.,.,1
296,AUS,1,f,2008,2008,63,O,143081,.,.,.,1
297,AUS,1,m,2008,2008,63,O,150833,.,.,.,1
298,AUS,1,f,2009,2009,63,O,143981,.,.,.,1
299,AUS,1,m,2009,2009,63,O,152315,.,.,.,1
300,AUS,1,f,2010,2010,63,O,145052,.,.,.,1
301,AUS,1,m,2010,2010,63,O,151970,.,.,.,1
302,AUS,1,f,2011,2011,63,O,145635,.,.,.,1
303,AUS,1,m,2011,2011,63,O,154090,.,.,.,1
304,AUS,1,f,2012,2012,63,O,149578,.,.,.,1
305,AUS,1,m,2012,2012,63,O,158940,.,.,.,1
306,AUS,1,f,2013,2013,63,O,148279,.,.,.,1
307,AUS,1,m,2013,2013,63,O,157076,.,.,.,1
308,AUS,1,f,2014,2014,63,O,149847,.,.,.,1
309,AUS,1,m,2014,2014,63,O,157906,.,.,.,1
310,AUS,1,f,2015,2015,63,O,147656,.,.,.,1
311,AUS,1,m,2015,2015,63,O,156298,.,.,.,1
312,AUS,1,f,2016,2016,63,O,150156,.,.,.,1
313,AUS,1,m,2016,2016,63,O,158831,.,.,.,1
314,AUS,1,f,2017,2017,63,O,145176,.,.,.,1
315,AUS,1,m,2017,2017,63,O,154013,.,.,.,1
316,AUS,1,f,2018,2018,63,O,143845,.,.,.,1
317,AUS,1,m,2018,2018,63,O,152602,.,.,.,1
318,AUS,1,f,2019,2019,63,O,143145,.,.,.,1
319,AUS,1,m,2019,2019,63,O,151738,.,.,.,1
320,AUS,1,f,2020,2020,63,O,138666,.,.,.,1
321,AUS,1,m,2020,2020,63,O,146381,.,.,.,1
0,JPN,2,f,1872,1872,105,O,290647,.,.,.,0
1,JPN,2,m,1872,1872,105,O,302796,.,.,.,0
2,JPN,2,f,1873,1873,105,O,411414,.,.,.,1
3,JPN,2,m,1873,1873,105,O,430145,.,.,.,1
4,JPN,2,f,1874,1874,105,O,426765,.,.,.,1
5,JPN,2,m,1874,1874,105,O,443470,.,.,.,1
6,JPN,2,f,1875,1875,105,O,441293,.,.,.,1
7,JPN,2,m,1875,1875,105,O,464476,.,.,.,1
8,JPN,2,f,1876,1876,105,O,458588,.,.,.,1
9,JPN,2,m,1876,1876,105,O,483275,.,.,.,1
10,JPN,2,f,1877,1877,105,O,455482,.,.,.,1
11,JPN,2,m,1877,1877,105,O,475302,.,.,.,1
12,JPN,2,f,1878,1878,105,O,446587,.,.,.,1
13,JPN,2,m,1878,1878,105,O,470226,.,.,.,1
14,JPN,2,f,1879,1879,105,O,451139,.,.,.,1
15,JPN,2,m,1879,1879,105,O,472940,.,.,.,1
16,JPN,2,f,1880,1880,105,O,457777,.,.,.,1
17,JPN,2,m,1880,1880,105,O,477421,.,.,.,1
18,JPN,2,f,1881,1881,105,O,493352,.,.,.,1
19,JPN,2,m,1881,1881,105,O,504142,.,.,.,1
20,JPN,2,f,1882,1882,105,O,485880,.,.,.,1
21,JPN,2,m,1882,1882,105,O,510182,.,.,.,1
22,JPN,2,f,1883,1883,105,O,537856,.,.,.,1
23,JPN,2,m,1883,1883,105,O,556118,.,.,.,1
24,JPN,2,f,1884,1884,105,O,529050,.,.,.,1
25,JPN,2,m,1884,1884,105,O,545436,.,.,.,1
26,JPN,2,f,1885,1885,105,O,561525,.,.,.,1
27,JPN,2,m,1885,1885,105,O,586413,.,.,.,1
28,JPN,2,f,1886,1886,105,O,551734,.,.,.,1
29,JPN,2,m,1886,1886,105,O,574806,.,.,.,1
30,JPN,2,f,1887,1887,105,O,537751,.,.,.,1
31,JPN,2,m,1887,1887,105,O,562523,.,.,.,1
32,JPN,2,f,1888,1888,105,O,594104,.,.,.,1
33,JPN,2,m,1888,1888,105,O,619997,.,.,.,1
34,JPN,2,f,1889,1889,105,O,614403,.,.,.,1
35,JPN,2,m,1889,1889,105,O,638653,.,.,.,1
36,JPN,2,f,1890,1890,105,O,582540,.,.,.,1
37,JPN,2,m,1890,1890,105,O,607723,.,.,.,1
38,JPN,2,f,1891,1891,105,O,555671,.,.,.,1
39,JPN,2,m,1891,1891,105,O,576600,.,.,.,1
40,JPN,2,f,1892,1892,105,O,618668,.,.,.,1
41,JPN,2,m,1892,1892,105,O,644001,.,.,.,1
42,JPN,2,f,1893,1893,105,O,607001,.,.,.,1
43,JPN,2,m,1893,1893,105,O,631131,.,.,.,1
44,JPN,2,f,1894,1894,105,O,621939,.,.,.,1
45,JPN,2,m,1894,1894,105,O,651723,.,.,.,1
46,JPN,2,f,1895,1895,105,O,642083,.,.,.,1
47,JPN,2,m,1895,1895,105,O,670373,.,.,.,1
48,JPN,2,f,1896,1896,105,O,666848,.,.,.,1
49,JPN,2,m,1896,1896,105,O,684129,.,.,.,1
50,JPN,2,f,1897,1897,105,O,687050,.,.,.,1
51,JPN,2,m,1897,1897,105,O,716708,.,.,.,1
52,JPN,2,f,1898,1898,105,O,720857,.,.,.,1
53,JPN,2,m,1898,1898,105,O,737280,.,.,.,1
54,JPN,2,f,1899,1899,105,O,693514,.,.,.,1
55,JPN,2,m,1899,1899,105,O,731146,.,.,.,1
56,JPN,2,f,1900,1900,105,O,718919,.,.,.,1
57,JPN,2,m,1900,1900,105,O,750613,.,.,.,1
58,JPN,2,f,1901,1901,105,O,761947,.,.,.,1
59,JPN,2,m,1901,1901,105,O,794922,.,.,.,1
60,JPN,2,f,1902,1902,105,O,769317,.,.,.,1
61,JPN,2,m,1902,1902,105,O,800284,.,.,.,1
62,JPN,2,f,1903,1903,105,O,759845,.,.,.,1
63,JPN,2,m,1903,1903,105,O,792140,.,.,.,1
64,JPN,2,f,1904,1904,105,O,734786,.,.,.,1
65,JPN,2,m,1904,1904,105,O,765363,.,.,.,1
66,JPN,2,f,1905,1905,105,O,751930,.,.,.,1
67,JPN,2,m,1905,1905,105,O,764600,.,.,.,1
68,JPN,2,f,1906,1906,105,O,703248,.,.,.,1
69,JPN,2,m,1906,1906,105,O,757261,.,.,.,1
70,JPN,2,f,1907,1907,105,O,835075,.,.,.,1
71,JPN,2,m,1907,1907,105,O,850055,.,.,.,1
72,JPN,2,f,1908,1908,105,O,851093,.,.,.,1
73,JPN,2,m,1908,1908,105,O,882871,.,.,.,1
74,JPN,2,f,1909,1909,105,O,868918,.,.,.,1
75,JPN,2,m,1909,1909,105,O,897094,.,.,.,1
76,JPN,2,f,1910,1910,105,O,876994,.,.,.,1
77,JPN,2,m,1910,1910,105,O,904837,.,.,.,1
78,JPN,2,f,1911,1911,105,O,896053,.,.,.,1
79,JPN,2,m,1911,1911,105,O,925143,.,.,.,1
80,JPN,2,f,1912,1912,105,O,893925,.,.,.,1
81,JPN,2,m,1912,1912,105,O,923149,.,.,.,1
82,JPN,2,f,1913,1913,105,O,900944,.,.,.,1
83,JPN,2,m,1913,1913,105,O,934035,.,.,.,1
84,JPN,2,f,1914,1914,105,O,921703,.,.,.,1
85,JPN,2,m,1914,1914,105,O,960973,.,.,.,1
86,JPN,2,f,1915,1915,105,O,920195,.,.,.,1
87,JPN,2,m,1915,1915,105,O,951757,.,.,.,1
88,JPN,2,f,1916,1916,105,O,920482,.,.,.,1
89,JPN,2,m,1916,1916,105,O,952937,.,.,.,1
90,JPN,2,f,1917,1917,105,O,925595,.,.,.,1
91,JPN,2,m,1917,1917,105,O,957692,.,.,.,1
92,JPN,2,f,1918,1918,105,O,912006,.,.,.,1
93,JPN,2,m,1918,1918,105,O,944467,.,.,.,1
94,JPN,2,f,1919,1919,105,O,906059,.,.,.,1
95,JPN,2,m,1919,1919,105,O,943640,.,.,.,1
96,JPN,2,f,1920,1920,105,O,1022599,.,.,.,1
97,JPN,2,m,1920,1920,105,O,1065324,.,.,.,1
98,JPN,2,f,1921,1921,105,O,1005463,.,.,.,1
99,JPN,2,m,1921,1921,105,O,1046971,.,.,.,1
100,JPN,2,f,1922,1922,105,O,1000340,.,.,.,1
101,JPN,2,m,1922,1922,105,O,1037495,.,.,.,1
102,JPN,2,f,1923,1923,105,O,1037157,.,.,.,1
103,JPN,2,m,1923,1923,105,O,1079714,.,.,.,1
104,JPN,2,f,1924,1924,105,O,1013829,.,.,.,1
105,JPN,2,m,1924,1924,105,O,1053625,.,.,.,1
106,JPN,2,f,1925,1925,105,O,1061362,.,.,.,1
107,JPN,2,m,1925,1925,105,O,1095049,.,.,.,1
108,JPN,2,f,1926,1926,105,O,1057668,.,.,.,1
109,JPN,2,m,1926,1926,105,O,1116463,.,.,.,1
110,JPN,2,f,1927,1927,105,O,1046974,.,.,.,1
111,JPN,2,m,1927,1927,105,O,1082351,.,.,.,1
112,JPN,2,f,1928,1928,105,O,1079823,.,.,.,1
113,JPN,2,m,1928,1928,105,O,1124186,.,.,.,1
114,JPN,2,f,1929,1929,105,O,1052613,.,.,.,1
115,JPN,2,m,1929,1929,105,O,1090949,.,.,.,1
116,JPN,2,f,1930,1930,105,O,1049443,.,.,.,1
117,JPN,2,m,1930,1930,105,O,1103245,.,.,.,1
118,JPN,2,f,1931,1931,105,O,1063541,.,.,.,1
119,JPN,2,m,1931,1931,105,O,1106690,.,.,.,1
120,JPN,2,f,1932,1932,105,O,1101585,.,.,.,1
121,JPN,2,m,1932,1932,105,O,1153888,.,.,.,1
122,JPN,2,f,1933,1933,105,O,1068716,.,.,.,1
123,JPN,2,m,1933,1933,105,O,1122116,.,.,.,1
124,JPN,2,f,1934,1934,105,O,1034408,.,.,.,1
125,JPN,2,m,1934,1934,105,O,1075095,.,.,.,1
126,JPN,2,f,1935,1935,105,O,1102492,.,.,.,1
127,JPN,2,m,1935,1935,105,O,1157512,.,.,.,1
128,JPN,2,f,1936,1936,105,O,1058893,.,.,.,1
129,JPN,2,m,1936,1936,105,O,1108709,.,.,.,1
130,JPN,2,f,1937,1937,105,O,1095056,.,.,.,1
131,JPN,2,m,1937,1937,105,O,1145719,.,.,.,1
132,JPN,2,f,1938,1938,105,O,961203,.,.,.,1
133,JPN,2,m,1938,1938,105,O,1014237,.,.,.,1
134,JPN,2,f,1939,1939,105,O,949434,.,.,.,1
135,JPN,2,m,1939,1939,105,O,994302,.,.,.,1
136,JPN,2,f,1940,1940,105,O,1049599,.,.,.,1
137,JPN,2,m,1940,1940,105,O,1102038,.,.,.,1
138,JPN,2,f,1947,1947,105,O,1318606,.,.,.,1
139,JPN,2,f,1947,1947,90,O,1301806,.,.,.,0
140,JPN,2,m,1947,1947,105,O,1394021,.,.,.,1
141,JPN,2,m,1947,1947,90,O,1376986,.,.,.,0
142,JPN,2,f,1948,1948,105,O,1310812,.,.,.,1
143,JPN,2,f,1948,1948,90,O,1303060,.,.,.,0
144,JPN,2,m,1948,1948,105,O,1386368,.,.,.,1
145,JPN,2,m,1948,1948,90,O,1378564,.,.,.,0
146,JPN,2,f,1949,1949,105,O,1322504,.,.,.,1
147,JPN,2,f,1949,1949,90,O,1316630,.,.,.,0
148,JPN,2,m,1949,1949,105,O,1385988,.,.,.,1
149,JPN,2,m,1949,1949,90,O,1380008,.,.,.,0
150,JPN,2,f,1950,1950,105,O,1140313,.,.,.,1
151,JPN,2,f,1950,1950,55,O,1134396,.,.,.,0
152,JPN,2,m,1950,1950,105,O,1209253,.,.,.,1
153,JPN,2,m,1950,1950,55,O,1203111,.,.,.,0
154,JPN,2,f,1951,1951,105,O,1049303,.,.,.,1
155,JPN,2,f,1951,1951,3,O,1043048,.,.,.,0
156,JPN,2,m,1951,1951,105,O,1100876,.,.,.,1
157,JPN,2,m,1951,1951,3,O,1094641,.,.,.,0
158,JPN,2,f,1952,1952,105,O,985336,.,.,.,1
159,JPN,2,f,1952,1952,4,O,977101,.,.,.,0
160,JPN,2,m,1952,1952,105,O,1036070,.,.,.,1
161,JPN,2,m,1952,1952,4,O,1028061,.,.,.,0
162,JPN,2,f,1953,1953,105,O,918051,.,.,.,1
163,JPN,2,f,1953,1953,5,O,910516,.,.,.,0
164,JPN,2,m,1953,1953,105,O,965192,.,.,.,1
165,JPN,2,m,1953,1953,5,O,957524,.,.,.,0
166,JPN,2,f,1954,1954,105,O,866151,.,.,.,1
167,JPN,2,f,1954,1954,6,O,858368,.,.,.,0
168,JPN,2,m,1954,1954,105,O,919167,.,.,.,1
169,JPN,2,m,1954,1954,6,O,911212,.,.,.,0
170,JPN,2,f,1955,1955,105,O,848196,.,.,.,1
171,JPN,2,f,1955,1955,11,O,841022,.,.,.,0
172,JPN,2,m,1955,1955,105,O,896861,.,.,.,1
173,JPN,2,m,1955,1955,11,O,889670,.,.,.,0
174,JPN,2,f,1956,1956,105,O,816291,.,.,.,1
175,JPN,2,f,1956,1956,13,O,809194,.,.,.,0
176,JPN,2,m,1956,1956,105,O,863086,.,.,.,1
177,JPN,2,m,1956,1956,13,O,856084,.,.,.,0
178,JPN,2,f,1957,1957,105,O,768154,.,.,.,1
179,JPN,2,f,1957,1957,14,O,761493,.,.,.,0
180,JPN,2,m,1957,1957,105,O,811982,.,.,.,1
181,JPN,2,m,1957,1957,14,O,805220,.,.,.,0
182,JPN,2,f,1958,1958,105,O,811468,.,.,.,1
183,JPN,2,f,1958,1958,15,O,804736,.,.,.,0
184,JPN,2,m,1958,1958,105,O,855724,.,.,.,1
185,JPN,2,m,1958,1958,15,O,848733,.,.,.,0
186,JPN,2,f,1959,1959,105,O,796570,.,.,.,1
187,JPN,2,f,1959,1959,16,O,790266,.,.,.,0
188,JPN,2,m,1959,1959,105,O,842188,.,.,.,1
189,JPN,2,m,1959,1959,16,O,835822,.,.,.,0
190,JPN,2,f,1960,1960,105,O,786710,.,.,.,1
191,JPN,2,f,1960,1960,17,O,781280,.,.,.,0
192,JPN,2,m,1960,1960,105,O,830367,.,.,.,1
193,JPN,2,m,1960,1960,17,O,824761,.,.,.,0
194,JPN,2,f,1961,1961,105,O,776321,.,.,.,1
195,JPN,2,f,1961,1961,18,O,771773,.,.,.,0
196,JPN,2,m,1961,1961,105,O,822216,.,.,.,1
197,JPN,2,m,1961,1961,18,O,817599,.,.,.,0
198,JPN,2,f,1962,1962,105,O,789258,.,.,.,1
199,JPN,2,f,1962,1962,19,O,785347,.,.,.,0
200,JPN,2,m,1962,1962,105,O,837308,.,.,.,1
201,JPN,2,m,1962,1962,19,O,833269,.,.,.,0
202,JPN,2,f,1963,1963,105,O,810347,.,.,.,1
203,JPN,2,f,1963,1963,20,O,806960,.,.,.,0
204,JPN,2,m,1963,1963,105,O,856127,.,.,.,1
205,JPN,2,m,1963,1963,20,O,852561,.,.,.,0
206,JPN,2,f,1964,1964,105,O,836947,.,.,.,1
207,JPN,2,f,1964,1964,21,O,833837,.,.,.,0
208,JPN,2,m,1964,1964,105,O,885929,.,.,.,1
209,JPN,2,m,1964,1964,21,O,882924,.,.,.,0
210,JPN,2,f,1965,1965,105,O,891032,.,.,.,1
211,JPN,2,f,1965,1965,22,O,888331,.,.,.,0
212,JPN,2,m,1965,1965,105,O,938388,.,.,.,1
213,JPN,2,m,1965,1965,22,O,935366,.,.,.,0
214,JPN,2,f,1966,1966,105,O,657867,.,.,.,1
215,JPN,2,f,1966,1966,23,O,655511,.,.,.,0
216,JPN,2,m,1966,1966,105,O,707905,.,.,.,1
217,JPN,2,m,1966,1966,23,O,705463,.,.,.,0
218,JPN,2,f,1967,1967,105,O,945868,.,.,.,1
219,JPN,2,f,1967,1967,24,O,942869,.,.,.,0
220,JPN,2,m,1967,1967,105,O,996199,.,.,.,1
221,JPN,2,m,1967,1967,24,O,992778,.,.,.,0
222,JPN,2,f,1968,1968,105,O,906027,.,.,.,1
223,JPN,2,f,1968,1968,25,O,903843,.,.,.,0
224,JPN,2,m,1968,1968,105,O,970375,.,.,.,1
225,JPN,2,m,1968,1968,25,O,967996,.,.,.,0
226,JPN,2,f,1969,1969,105,O,914815,.,.,.,1
227,JPN,2,f,1969,1969,26,O,912128,.,.,.,0
228,JPN,2,m,1969,1969,105,O,980930,.,.,.,1
229,JPN,2,m,1969,1969,26,O,977687,.,.,.,0
230,JPN,2,f,1970,1970,105,O,935487,.,.,.,1
231,JPN,2,f,1970,1970,27,O,933836,.,.,.,0
232,JPN,2,m,1970,1970,105,O,1002149,.,.,.,1
233,JPN,2,m,1970,1970,27,O,1000403,.,.,.,0
234,JPN,2,f,1971,1971,105,O,969861,.,.,.,1
235,JPN,2,f,1971,1971,28,O,968036,.,.,.,0
236,JPN,2,m,1971,1971,105,O,1034967,.,.,.,1
237,JPN,2,m,1971,1971,28,O,1032937,.,.,.,0
238,JPN,2,f,1972,1972,105,O,989382,.,.,.,1
239,JPN,2,f,1972,1972,29,O,987293,.,.,.,0
240,JPN,2,m,1972,1972,105,O,1053687,.,.,.,1
241,JPN,2,m,1972,1972,29,O,1051389,.,.,.,0
242,JPN,1,f,1973,1973,105,O,1016286,.,.,.,1
243,JPN,1,f,1973,1973,30,O,1014466,.,.,.,0
244,JPN,1,m,1973,1973,105,O,1079365,.,.,.,1
245,JPN,1,m,1973,1973,30,O,1077517,.,.,.,0
246,JPN,1,f,1974,1974,105,O,984841,.,.,.,1
247,JPN,1,f,1974,1974,31,O,983451,.,.,.,0
248,JPN,1,m,1974,1974,105,O,1047900,.,.,.,1
249,JPN,1,m,1974,1974,31,O,1046538,.,.,.,0
250,JPN,1,f,1975,1975,105,O,923601,.,.,.,1
251,JPN,1,f,1975,1975,32,O,922349,.,.,.,0
252,JPN,1,m,1975,1975,105,O,980353,.,.,.,1
253,JPN,1,m,1975,1975,32,O,979091,.,.,.,0
254,JPN,1,f,1976,1976,33,O,888788,.,.,.,1
255,JPN,1,m,1976,1976,33,O,943829,.,.,.,1
256,JPN,1,f,1977,1977,34,O,851720,.,.,.,1
257,JPN,1,m,1977,1977,34,O,903380,.,.,.,1
258,JPN,1,f,1978,1978,35,O,829494,.,.,.,1
259,JPN,1,m,1978,1978,35,O,879149,.,.,.,1
260,JPN,1,f,1979,1979,36,O,796696,.,.,.,1
261,JPN,1,m,1979,1979,36,O,845884,.,.,.,1
262,JPN,1,f,1980,1980,37,O,765471,.,.,.,1
263,JPN,1,m,1980,1980,37,O,811418,.,.,.,1
264,JPN,1,f,1981,1981,38,O,742859,.,.,.,1
265,JPN,1,m,1981,1981,38,O,786596,.,.,.,1
266,JPN,1,f,1982,1982,39,O,737537,.,.,.,1
267,JPN,1,m,1982,1982,39,O,777855,.,.,.,1
268,JPN,1,f,1983,1983,40,O,733481,.,.,.,1
269,JPN,1,m,1983,1983,40,O,775206,.,.,.,1
270,JPN,1,f,1984,1984,41,O,725183,.,.,.,1
271,JPN,1,m,1984,1984,41,O,764597,.,.,.,1
272,JPN,1,f,1985,1985,42,O,696293,.,.,.,1
273,JPN,1,m,1985,1985,42,O,735284,.,.,.,1
274,JPN,1,f,1986,1986,43,O,671645,.,.,.,1
275,JPN,1,m,1986,1986,43,O,711301,.,.,.,1
276,JPN,1,f,1987,1987,44,O,654354,.,.,.,1
277,JPN,1,m,1987,1987,44,O,692304,.,.,.,1
278,JPN,1,f,1988,1988,45,O,639123,.,.,.,1
279,JPN,1,m,1988,1988,45,O,674883,.,.,.,1
280,JPN,1,f,1989,1989,46,O,606296,.,.,.,1
281,JPN,1,m,1989,1989,46,O,640506,.,.,.,1
282,JPN,1,f,1990,1990,47,O,594614,.,.,.,1
283,JPN,1,m,1990,1990,47,O,626971,.,.,.,1
284,JPN,1,f,1991,1991,48,O,594630,.,.,.,1
285,JPN,1,m,1991,1991,48,O,628615,.,.,.,1
286,JPN,1,f,1992,1992,49,O,586853,.,.,.,1
287,JPN,1,m,1992,1992,49,O,622136,.,.,.,1
288,JPN,1,f,1993,1993,50,O,578038,.,.,.,1
289,JPN,1,m,1993,1993,50,O,610244,.,.,.,1
290,JPN,1,f,1994,1994,51,O,602413,.,.,.,1
291,JPN,1,m,1994,1994,51,O,635915,.,.,.,1
292,JPN,1,f,1995,1995,52,O,578517,.,.,.,1
293,JPN,1,m,1995,1995,52,O,608547,.,.,.,1
294,JPN,1,f,1996,1996,53,O,586762,.,.,.,1
295,JPN,1,m,1996,1996,53,O,619793,.,.,.,1
296,JPN,1,f,1997,1997,54,O,580760,.,.,.,1
297,JPN,1,m,1997,1997,54,O,610905,.,.,.,1
298,JPN,1,f,1998,1998,56,O,585733,.,.,.,1
299,JPN,1,m,1998,1998,56,O,617414,.,.,.,1
300,JPN,1,f,1999,1999,57,O,572900,.,.,.,1
301,JPN,1,m,1999,1999,57,O,604769,.,.,.,1
302,JPN,1,f,2000,2000,87,O,578399,.,.,.,1
303,JPN,1,m,2000,2000,87,O,612148,.,.,.,1
304,JPN,1,f,2001,2001,135,O,569748,.,.,.,1
305,JPN,1,m,2001,2001,135,O,600918,.,.,.,1
306,JPN,1,f,2002,2002,135,O,561021,.,.,.,1
307,JPN,1,m,2002,2002,135,O,592843,.,.,.,1
308,JPN,1,f,2003,2003,135,O,546879,.,.,.,1
309,JPN,1,m,2003,2003,135,O,576747,.,.,.,1
310,JPN,1,f,2004,2004,135,O,541182,.,.,.,1
311,JPN,1,m,2004,2004,135,O,569580,.,.,.,1
312,JPN,1,f,2005,2005,135,O,517512,.,.,.,1
313,JPN,1,m,2005,2005,135,O,545060,.,.,.,1
314,JPN,1,f,2006,2006,135,O,532263,.,.,.,1
315,JPN,1,m,2006,2006,135,O,560469,.,.,.,1
316,JPN,1,f,2007,2007,135,O,530040,.,.,.,1
317,JPN,1,m,2007,2007,135,O,559939,.,.,.,1
318,JPN,1,f,2008,2008,135,O,531902,.,.,.,1
319,JPN,1,m,2008,2008,135,O,559814,.,.,.,1
320,JPN,1,f,2009,2009,135,O,521271,.,.,.,1
321,JPN,1,m,2009,2009,135,O,549247,.,.,.,1
322,JPN,1,f,2010,2010,135,O,520815,.,.,.,1
323,JPN,1,m,2010,2010,135,O,550989,.,.,.,1
324,JPN,1,f,2011,2011,139,O,512753,.,.,.,1
325,JPN,1,m,2011,2011,139,O,538531,.,.,.,1
326,JPN,1,f,2012,2012,144,O,505644,.,.,.,1
327,JPN,1,m,2012,2012,144,O,532003,.,.,.,1
328,JPN,1,f,2013,2013,150,O,502363,.,.,.,1
329,JPN,1,m,2013,2013,150,O,527891,.,.,.,1
330,JPN,1,f,2014,2014,150,O,488269,.,.,.,1
331,JPN,1,m,2014,2014,150,O,515792,.,.,.,1
332,JPN,1,f,2015,2015,150,O,490518,.,.,.,1
333,JPN,1,m,2015,2015,150,O,515738,.,.,.,1
334,JPN,1,f,2016,2016,150,O,475561,.,.,.,1
335,JPN,1,m,2016,2016,150,O,502319,.,.,.,1
336,JPN,1,f,2017,2017,150,O,461878,.,.,.,1
337,JPN,1,m,2017,2017,150,O,484681,.,.,.,1
338,JPN,1,f,2018,2018,150,O,447743,.,.,.,1
339,JPN,1,m,2018,2018,150,O,471062,.,.,.,1
340,JPN,1,f,2019,2019,150,O,422005,.,.,.,1
341,JPN,1,m,2019,2019,150,O,443620,.,.,.,1
342,JPN,1,f,2020,2020,150,O,410269,.,.,.,1
343,JPN,1,m,2020,2020,150,O,430884,.,.,.,1
344,JPN,1,f,2021,2021,150,O,395719,.,.,.,1
345,JPN,1,m,2021,2021,150,O,415903,.,.,.,1
0,RUS,1,m,1959,1959,10,O,1433060,10,.,.,1
1,RUS,1,f,1959,1959,10,O,1363168,10,.,.,1
2,RUS,1,m,1960,1960,9,O,1427225,10,.,.,1
3,RUS,1,f,1960,1960,9,O,1355128,10,.,.,1
4,RUS,1,m,1961,1961,9,O,1365700,10,.,.,1
5,RUS,1,f,1961,1961,9,O,1296435,10,.,.,1
6,RUS,1,m,1962,1962,9,O,1272461,10,.,.,1
7,RUS,1,f,1962,1962,9,O,1210078,10,.,.,1
8,RUS,1,m,1963,1963,9,O,1197738,10,.,.,1
9,RUS,1,f,1963,1963,9,O,1133767,10,.,.,1
10,RUS,1,m,1964,1964,9,O,1087619,10,.,.,1
11,RUS,1,f,1964,1964,9,O,1034375,10,.,.,1
12,RUS,1,m,1965,1965,9,O,1021560,10,.,.,1
13,RUS,1,f,1965,1965,9,O,968960,10,.,.,1
14,RUS,1,m,1966,1966,9,O,1002152,10,.,.,1
15,RUS,1,f,1966,1966,9,O,955251,10,.,.,1
16,RUS,1,m,1967,1967,9,O,947686,10,.,.,1
17,RUS,1,f,1967,1967,9,O,903355,10,.,.,1
18,RUS,1,m,1968,1968,9,O,930239,10,.,.,1
19,RUS,1,f,1968,1968,9,O,886270,10,.,.,1
20,RUS,1,m,1969,1969,9,O,945265,10,.,.,1
21,RUS,1,f,1969,1969,9,O,902327,10,.,.,1
22,RUS,1,m,1970,1970,9,O,974392,10,.,.,1
23,RUS,1,f,1970,1970,9,O,929321,10,.,.,1
24,RUS,1,m,1971,1971,9,O,1011337,10,.,.,1
25,RUS,1,f,1971,1971,9,O,963300,10,.,.,1
26,RUS,1,m,1972,1972,9,O,1031422,10,.,.,1
27,RUS,1,f,1972,1972,9,O,983216,10,.,.,1
28,RUS,1,m,1973,1973,9,O,1022369,10,.,.,1
29,RUS,1,f,1973,1973,9,O,972252,10,.,.,1
30,RUS,1,m,1974,1974,9,O,1063857,10,.,.,1
31,RUS,1,f,1974,1974,9,O,1015955,10,.,.,1
32,RUS,1,m,1975,1975,9,O,1079901,10,.,.,1
33,RUS,1,f,1975,1975,9,O,1026246,10,.,.,1
34,RUS,1,m,1976,1976,9,O,1100411,10,.,.,1
35,RUS,1,f,1976,1976,9,O,1046300,10,.,.,1
36,RUS,1,m,1977,1977,9,O,1103729,10,.,.,1
37,RUS,1,f,1977,1977,9,O,1052995,10,.,.,1
38,RUS,1,m,1978,1978,9,O,1115420,10,.,.,1
39,RUS,1,f,1978,1978,9,O,1063610,10,.,.,1
40,RUS,1,m,1979,1979,9,O,1114937,10,.,.,1
41,RUS,1,f,1979,1979,9,O,1063605,10,.,.,1
42,RUS,1,m,1980,1980,9,O,1126666,10,.,.,1
43,RUS,1,f,1980,1980,9,O,1076113,10,.,.,1
44,RUS,1,m,1981,1981,9,O,1145239,10,.,.,1
45,RUS,1,f,1981,1981,9,O,1091369,10,.,.,1
46,RUS,1,m,1982,1982,9,O,1192252,10,.,.,1
47,RUS,1,f,1982,1982,9,O,1135792,10,.,.,1
48,RUS,1,m,1983,1983,9,O,1268820,10,.,.,1
49,RUS,1,f,1983,1983,9,O,1209502,10,.,.,1
50,RUS,1,m,1984,1984,9,O,1234760,10,.,.,1
51,RUS,1,f,1984,1984,9,O,1174854,10,.,.,1
52,RUS,1,m,1985,1985,9,O,1217322,10,.,.,1
53,RUS,1,f,1985,1985,9,O,1157825,10,.,.,1
54,RUS,1,m,1986,1986,9,O,1273213,10,.,.,1
55,RUS,1,f,1986,1986,9,O,1212702,10,.,.,1
56,RUS,1,m,1987,1987,9,O,1283425,10,.,.,1
57,RUS,1,f,1987,1987,9,O,1216549,10,.,.,1
58,RUS,1,m,1988,1988,9,O,1204907,10,.,.,1
59,RUS,1,f,1988,1988,9,O,1143587,10,.,.,1
60,RUS,1,m,1989,1989,9,O,1110602,10,.,.,1
61,RUS,1,f,1989,1989,9,O,1049957,10,.,.,1
62,RUS,1,m,1990,1990,9,O,1021248,10,.,.,1
63,RUS,1,f,1990,1990,9,O,967610,10,.,.,1
64,RUS,1,m,1991,1991,9,O,923319,10,.,.,1
65,RUS,1,f,1991,1991,9,O,871307,10,.,.,1
66,RUS,1,m,1992,1992,9,O,816757,10,.,.,1
67,RUS,1,f,1992,1992,9,O,770887,10,.,.,1
68,RUS,11,m,1993,1993,9,O,708689,10,.,.,1
69,RUS,11,f,1993,1993,9,O,670294,10,.,.,1
70,RUS,11,m,1994,1994,9,O,724818,10,.,.,1
71,RUS,11,f,1994,1994,9,O,683341,10,.,.,1
72,RUS,12,m,1995,1995,9,O,700191,10,.,.,1
73,RUS,12,f,1995,1995,9,O,663615,10,.,.,1
74,RUS,12,m,1996,1996,9,O,671430,10,.,.,1
75,RUS,12,f,1996,1996,9,O,633208,10,.,.,1
76,RUS,12,m,1997,1997,9,O,648195,10,.,.,1
77,RUS,12,f,1997,1997,9,O,611748,10,.,.,1
78,RUS,12,m,1998,1998,9,O,660842,10,.,.,1
79,RUS,12,f,1998,1998,9,O,622450,10,.,.,1
80,RUS,12,m,1999,1999,9,O,626149,10,.,.,1
81,RUS,12,f,1999,1999,9,O,588540,10,.,.,1
82,RUS,12,f,2000,2000,10,O,613654,10,.,.,1
83,RUS,12,m,2000,2000,10,O,653146,10,.,.,1
84,RUS,12,f,2001,2001,10,O,635854,10,.,.,1
85,RUS,12,m,2001,2001,10,O,675750,10,.,.,1
86,RUS,12,f,2002,2002,20,O,677456,10,.,.,1
87,RUS,12,m,2002,2002,20,O,719511,10,.,.,1
88,RUS,1,m,2003,2003,20,O,760934,10,.,.,1
89,RUS,1,f,2003,2003,20,O,716367,10,.,.,1
90,RUS,1,m,2004,2004,20,O,772973,11,.,.,1
91,RUS,1,f,2004,2004,20,O,729504,11,.,.,1
92,RUS,1,m,2005,2005,20,O,749554,11,.,.,1
93,RUS,1,f,2005,2005,20,O,707822,11,.,.,1
94,RUS,1,f,2006,2006,29,O,718806,11,.,.,1
95,RUS,1,m,2006,2006,29,O,760831,11,.,.,1
96,RUS,1,f,2007,2007,29,O,781350,11,.,.,1
97,RUS,1,m,2007,2007,29,O,828772,11,.,.,1
98,RUS,1,f,2008,2008,32,O,833404,11,.,.,1
99,RUS,1,m,2008,2008,32,O,880543,11,.,.,1
100,RUS,1,f,2009,2009,37,O,856307,11,.,.,1
101,RUS,1,m,2009,2009,37,O,905380,11,.,.,1
102,RUS,1,f,2010,2010,40,O,869309,11,.,.,1
103,RUS,1,m,2010,2010,40,O,919639,11,.,.,1
104,RUS,1,f,2011,2011,41,O,872825,11,.,.,1
105,RUS,1,f,2012,2012,41,O,923557,11,.,.,1
106,RUS,1,f,2013,2013,41,O,921519,11,.,.,1
107,RUS,1,f,2014,2014,41,O,943004,11,.,.,1
108,RUS,1,m,2011,2011,41,O,923804,11,.,.,1
109,RUS,1,m,2012,2012,41,O,978527,11,.,.,1
110,RUS,1,m,2013,2013,41,O,974303,11,.,.,1
111,RUS,1,m,2014,2014,41,O,999679,11,.,.,1
0,KOR,1,f,1975,1975,1,O,388506,.,.,.,1
1,KOR,1,f,1976,1976,1,O,349682,.,.,.,1
2,KOR,1,f,1977,1977,1,O,385626,.,.,.,1
3,KOR,1,f,1978,1978,1,O,335091,.,.,.,1
4,KOR,1,f,1979,1979,1,O,423679,.,.,.,1
5,KOR,1,f,1980,1980,1,O,433066,.,.,.,1
6,KOR,1,f,1981,1981,2,O,418754,.,.,.,1
7,KOR,1,f,1982,1982,2,O,410235,.,.,.,1
8,KOR,1,f,1983,1983,2,O,370961,.,.,.,1
9,KOR,1,f,1984,1984,2,O,324018,.,.,.,1
10,KOR,1,f,1985,1985,2,O,312983,.,.,.,1
11,KOR,1,f,1986,1986,2,O,300431,.,.,.,1
12,KOR,1,f,1987,1987,2,O,298793,.,.,.,1
13,KOR,1,f,1988,1988,2,O,296889,.,.,.,1
14,KOR,1,f,1989,1989,2,O,301956,.,.,.,1
15,KOR,1,f,1990,1990,2,O,300121,.,.,.,1
16,KOR,1,f,1991,1991,2,O,333999,.,.,.,1
17,KOR,1,f,1992,1992,2,O,342105,.,.,.,1
18,KOR,1,f,1993,1993,2,O,332461,.,.,.,1
19,KOR,1,f,1994,1994,2,O,335105,.,.,.,1
20,KOR,1,f,1995,1995,2,O,335416,.,.,.,1
21,KOR,1,f,1996,1996,2,O,326793,.,.,.,1
22,KOR,1,f,1997,1997,2,O,324465,.,.,.,1
23,KOR,1,f,1998,1998,2,O,305447,.,.,.,1
24,KOR,1,f,1999,1999,2,O,296259,.,.,.,1
25,KOR,1,f,2000,2000,2,O,304656,.,.,.,1
26,KOR,1,f,2001,2001,2,O,267945,.,.,.,1
27,KOR,1,f,2002,2002,2,O,236683,.,.,.,1
28,KOR,1,f,2003,2003,2,O,237309,.,.,.,1
29,KOR,1,f,2004,2004,2,O,229123,.,.,.,1
30,KOR,1,f,2005,2005,2,O,211115,.,.,.,1
31,KOR,1,f,2006,2006,2,O,217649,.,.,.,1
32,KOR,1,f,2007,2007,2,O,240950,.,.,.,1
33,KOR,1,f,2008,2008,2,O,225773,.,.,.,1
34,KOR,1,f,2009,2009,2,O,215498,.,.,.,1
35,KOR,1,f,2010,2010,2,O,227270,.,.,.,1
36,KOR,1,f,2011,2011,2,O,229144,.,.,.,1
37,KOR,1,f,2012,2012,2,O,235592,.,.,.,1
38,KOR,1,f,2013,2013,2,O,212572,.,.,.,1
39,KOR,1,f,2014,2014,2,O,212079,.,.,.,1
40,KOR,1,f,2015,2015,2,O,213514,.,.,.,1
41,KOR,1,f,2016,2016,2,O,198179,.,.,.,1
42,KOR,1,f,2017,2017,2,O,173463,.,.,.,1
43,KOR,1,f,2018,2018,2,O,159136,.,.,.,1
44,KOR,1,f,2019,2019,2,O,147260,.,.,.,1
45,KOR,1,f,2020,2020,2,O,132975,.,.,.,1
46,KOR,1,m,1975,1975,1,O,437323,.,.,.,1
47,KOR,1,m,1976,1976,1,O,392829,.,.,.,1
48,KOR,1,m,1977,1977,1,O,404437,.,.,.,1
49,KOR,1,m,1978,1978,1,O,376719,.,.,.,1
50,KOR,1,m,1979,1979,1,O,450134,.,.,.,1
51,KOR,1,m,1980,1980,1,O,459050,.,.,.,1
52,KOR,1,m,1981,1981,2,O,448655,.,.,.,1
53,KOR,1,m,1982,1982,2,O,438077,.,.,.,1
54,KOR,1,m,1983,1983,2,O,398194,.,.,.,1
55,KOR,1,m,1984,1984,2,O,350775,.,.,.,1
56,KOR,1,m,1985,1985,2,O,342506,.,.,.,1
57,KOR,1,m,1986,1986,2,O,335588,.,.,.,1
58,KOR,1,m,1987,1987,2,O,325038,.,.,.,1
59,KOR,1,m,1988,1988,2,O,336203,.,.,.,1
60,KOR,1,m,1989,1989,2,O,337475,.,.,.,1
61,KOR,1,m,1990,1990,2,O,349617,.,.,.,1
62,KOR,1,m,1991,1991,2,O,375276,.,.,.,1
63,KOR,1,m,1992,1992,2,O,388573,.,.,.,1
64,KOR,1,m,1993,1993,2,O,383365,.,.,.,1
65,KOR,1,m,1994,1994,2,O,386080,.,.,.,1
66,KOR,1,m,1995,1995,2,O,379604,.,.,.,1
67,KOR,1,m,1996,1996,2,O,364433,.,.,.,1
68,KOR,1,m,1997,1997,2,O,350929,.,.,.,1
69,KOR,1,m,1998,1998,2,O,336147,.,.,.,1
70,KOR,1,m,1999,1999,2,O,324409,.,.,.,1
71,KOR,1,m,2000,2000,2,O,335433,.,.,.,1
72,KOR,1,m,2001,2001,2,O,291989,.,.,.,1
73,KOR,1,m,2002,2002,2,O,260228,.,.,.,1
74,KOR,1,m,2003,2003,2,O,257727,.,.,.,1
75,KOR,1,m,2004,2004,2,O,247835,.,.,.,1
76,KOR,1,m,2005,2005,2,O,227592,.,.,.,1
77,KOR,1,m,2006,2006,2,O,234110,.,.,.,1
78,KOR,1,m,2007,2007,2,O,255872,.,.,.,1
79,KOR,1,m,2008,2008,2,O,240119,.,.,.,1
80,KOR,1,m,2009,2009,2,O,229351,.,.,.,1
81,KOR,1,m,2010,2010,2,O,242901,.,.,.,1
82,KOR,1,m,2011,2011,2,O,242121,.,.,.,1
83,KOR,1,m,2012,2012,2,O,248958,.,.,.,1
84,KOR,1,m,2013,2013,2,O,223883,.,.,.,1
85,KOR,1,m,2014,2014,2,O,223356,.,.,.,1
86,KOR,1,m,2015,2015,2,O,224906,.,.,.,1
87,KOR,1,m,2016,2016,2,O,208064,.,.,.,1
88,KOR,1,m,2017,2017,2,O,184308,.,.,.,1
89,KOR,1,m,2018,2018,2,O,167686,.,.,.,1
90,KOR,1,m,2019,2019,2,O,155416,.,.,.,1
91,KOR,1,m,2020,2020,2,O,139362,.,.,.,1
