,Year,Age,Female,Male,Total,country
0,1950-1959,0,10068.00,13720.00,23788.00,IRL
1,1950-1959,1-4,1956.00,2404.00,4360.00,IRL
2,1950-1959,5-9,820.00,985.00,1805.00,IRL
3,1950-1959,10-14,607.00,694.00,1301.00,IRL
4,1950-1959,15-19,850.00,1067.00,1917.00,IRL
5,1950-1959,20-24,1119.00,1399.00,2518.00,IRL
6,1950-1959,25-29,1387.00,1536.00,2923.00,IRL
7,1950-1959,30-34,1809.00,1906.00,3715.00,IRL
8,1950-1959,35-39,2471.00,2504.00,4975.00,IRL
9,1950-1959,40-44,3082.00,3613.00,6695.00,IRL
10,1950-1959,45-49,3990.00,5140.00,9130.00,IRL
11,1950-1959,50-54,6041.00,8145.00,14186.00,IRL
12,1950-1959,55-59,7549.00,10966.00,18515.00,IRL
13,1950-1959,60-64,11378.00,14933.00,26311.00,IRL
14,1950-1959,65-69,15061.00,20470.00,35531.00,IRL
15,1950-1959,70-74,24779.00,28578.00,53357.00,IRL
16,1950-1959,75-79,28128.00,31745.00,59873.00,IRL
17,1950-1959,80-84,25175.00,26004.00,51179.00,IRL
18,1950-1959,85-89,13855.00,12634.00,26489.00,IRL
19,1950-1959,90-94,4814.00,3326.00,8140.00,IRL
20,1950-1959,95-99,1224.00,697.00,1921.00,IRL
21,1950-1959,100-104,128.47,66.68,195.15,IRL
22,1950-1959,105-109,1.49,1.32,2.81,IRL
23,1950-1959,110+,0.00,0.00,0.00,IRL
24,1960-1969,0,6900.00,9125.00,16025.00,IRL
25,1960-1969,1-4,1112.00,1331.00,2443.00,IRL
26,1960-1969,5-9,536.00,739.00,1275.00,IRL
27,1960-1969,10-14,391.00,551.00,942.00,IRL
28,1960-1969,15-19,449.00,928.00,1377.00,IRL
29,1960-1969,20-24,479.00,953.00,1432.00,IRL
30,1960-1969,25-29,550.00,897.00,1447.00,IRL
31,1960-1969,30-34,840.00,1041.00,1881.00,IRL
32,1960-1969,35-39,1284.00,1634.00,2918.00,IRL
33,1960-1969,40-44,2108.00,2703.00,4811.00,IRL
34,1960-1969,45-49,3391.00,4455.00,7846.00,IRL
35,1960-1969,50-54,5252.00,7732.00,12984.00,IRL
36,1960-1969,55-59,6543.00,11052.00,17595.00,IRL
37,1960-1969,60-64,10258.00,16320.00,26578.00,IRL
38,1960-1969,65-69,13878.00,21057.00,34935.00,IRL
39,1960-1969,70-74,21318.00,26270.00,47588.00,IRL
40,1960-1969,75-79,24623.00,27365.00,51988.00,IRL
41,1960-1969,80-84,26045.00,24911.00,50956.00,IRL
42,1960-1969,85-89,17996.00,15645.00,33641.00,IRL
43,1960-1969,90-94,7256.00,5208.00,12464.00,IRL
44,1960-1969,95-99,1818.00,970.00,2788.00,IRL
45,1960-1969,100-104,152.73,44.00,196.73,IRL
46,1960-1969,105-109,5.26,6.00,11.26,IRL
47,1960-1969,110+,0.00,1.00,1.00,IRL
48,1970-1979,0,4906.00,6530.00,11436.00,IRL
49,1970-1979,1-4,877.00,1134.00,2011.00,IRL
50,1970-1979,5-9,445.00,731.00,1176.00,IRL
51,1970-1979,10-14,343.00,609.00,952.00,IRL
52,1970-1979,15-19,526.00,1248.00,1774.00,IRL
53,1970-1979,20-24,545.00,1519.00,2064.00,IRL
54,1970-1979,25-29,566.00,1241.00,1807.00,IRL
55,1970-1979,30-34,617.00,1130.00,1747.00,IRL
56,1970-1979,35-39,932.00,1470.00,2402.00,IRL
57,1970-1979,40-44,1578.00,2508.00,4086.00,IRL
58,1970-1979,45-49,2815.00,4145.00,6960.00,IRL
59,1970-1979,50-54,4664.00,7523.00,12187.00,IRL
60,1970-1979,55-59,6744.00,11656.00,18400.00,IRL
61,1970-1979,60-64,10286.00,17529.00,27815.00,IRL
62,1970-1979,65-69,14105.00,23546.00,37651.00,IRL
63,1970-1979,70-74,21260.00,28472.00,49732.00,IRL
64,1970-1979,75-79,25390.00,28144.00,53534.00,IRL
65,1970-1979,80-84,26454.00,23684.00,50138.00,IRL
66,1970-1979,85-89,18797.00,14634.00,33431.00,IRL
67,1970-1979,90-94,8697.00,5420.00,14117.00,IRL
68,1970-1979,95-99,2602.00,1185.00,3787.00,IRL
69,1970-1979,100-104,209.00,61.00,270.00,IRL
70,1970-1979,105-109,4.00,2.00,6.00,IRL
71,1970-1979,110+,0.00,0.00,0.00,IRL
72,1980-1989,0,2648.00,3427.00,6075.00,IRL
73,1980-1989,1-4,561.00,786.00,1347.00,IRL
74,1980-1989,5-9,315.00,552.00,867.00,IRL
75,1980-1989,10-14,299.00,524.00,823.00,IRL
76,1980-1989,15-19,497.00,1367.00,1864.00,IRL
77,1980-1989,20-24,510.00,1603.00,2113.00,IRL
78,1980-1989,25-29,453.00,1262.00,1715.00,IRL
79,1980-1989,30-34,666.00,1335.00,2001.00,IRL
80,1980-1989,35-39,875.00,1598.00,2473.00,IRL
81,1980-1989,40-44,1373.00,2271.00,3644.00,IRL
82,1980-1989,45-49,2027.00,3455.00,5482.00,IRL
83,1980-1989,50-54,3442.00,5911.00,9353.00,IRL
84,1980-1989,55-59,5587.00,9871.00,15458.00,IRL
85,1980-1989,60-64,9301.00,15641.00,24942.00,IRL
86,1980-1989,65-69,13802.00,23015.00,36817.00,IRL
87,1980-1989,70-74,20042.00,29955.00,49997.00,IRL
88,1980-1989,75-79,24526.00,29974.00,54500.00,IRL
89,1980-1989,80-84,27431.00,24067.00,51498.00,IRL
90,1980-1989,85-89,21072.00,13929.00,35001.00,IRL
91,1980-1989,90-94,10058.00,5318.00,15376.00,IRL
92,1980-1989,95-99,2894.00,1179.00,4073.00,IRL
93,1980-1989,100-104,337.00,69.00,406.00,IRL
94,1980-1989,105-109,22.00,5.00,27.00,IRL
95,1980-1989,110+,1.00,0.00,1.00,IRL
96,1990-1999,0,1430.00,1883.00,3313.00,IRL
97,1990-1999,1-4,299.00,383.00,682.00,IRL
98,1990-1999,5-9,158.00,290.00,448.00,IRL
99,1990-1999,10-14,233.00,397.00,630.00,IRL
100,1990-1999,15-19,476.00,1254.00,1730.00,IRL
101,1990-1999,20-24,471.00,1819.00,2290.00,IRL
102,1990-1999,25-29,510.00,1537.00,2047.00,IRL
103,1990-1999,30-34,674.00,1499.00,2173.00,IRL
104,1990-1999,35-39,978.00,1712.00,2690.00,IRL
105,1990-1999,40-44,1517.00,2392.00,3909.00,IRL
106,1990-1999,45-49,2308.00,3600.00,5908.00,IRL
107,1990-1999,50-54,3155.00,5089.00,8244.00,IRL
108,1990-1999,55-59,4333.00,7852.00,12185.00,IRL
109,1990-1999,60-64,6856.00,12222.00,19078.00,IRL
110,1990-1999,65-69,11331.00,18759.00,30090.00,IRL
111,1990-1999,70-74,17743.00,25955.00,43698.00,IRL
112,1990-1999,75-79,24808.00,29784.00,54592.00,IRL
113,1990-1999,80-84,29246.00,27091.00,56337.00,IRL
114,1990-1999,85-89,24757.00,16181.00,40938.00,IRL
115,1990-1999,90-94,13459.00,5947.00,19406.00,IRL
116,1990-1999,95-99,4058.00,1299.00,5357.00,IRL
117,1990-1999,100-104,524.00,129.00,653.00,IRL
118,1990-1999,105-109,29.00,8.00,37.00,IRL
119,1990-1999,110+,1.00,0.00,1.00,IRL
120,2000-2009,0,1247.00,1592.00,2839.00,IRL
121,2000-2009,1-4,234.00,298.00,532.00,IRL
122,2000-2009,5-9,121.00,177.00,298.00,IRL
123,2000-2009,10-14,175.00,230.00,405.00,IRL
124,2000-2009,15-19,415.00,1084.00,1499.00,IRL
125,2000-2009,20-24,505.00,1766.00,2271.00,IRL
126,2000-2009,25-29,576.00,1753.00,2329.00,IRL
127,2000-2009,30-34,709.00,1771.00,2480.00,IRL
128,2000-2009,35-39,1107.00,1971.00,3078.00,IRL
129,2000-2009,40-44,1573.00,2629.00,4202.00,IRL
130,2000-2009,45-49,2455.00,3610.00,6065.00,IRL
131,2000-2009,50-54,3473.00,5501.00,8974.00,IRL
132,2000-2009,55-59,4682.00,7756.00,12438.00,IRL
133,2000-2009,60-64,6159.00,10462.00,16621.00,IRL
134,2000-2009,65-69,8230.00,14030.00,22260.00,IRL
135,2000-2009,70-74,12630.00,19038.00,31668.00,IRL
136,2000-2009,75-79,19825.00,23771.00,43596.00,IRL
137,2000-2009,80-84,26819.00,24666.00,51485.00,IRL
138,2000-2009,85-89,26840.00,17876.00,44716.00,IRL
139,2000-2009,90-94,16679.00,7734.00,24413.00,IRL
140,2000-2009,95-99,5652.00,1661.00,7313.00,IRL
141,2000-2009,100-104,845.18,162.00,1007.18,IRL
142,2000-2009,105-109,44.80,10.00,54.80,IRL
143,2000-2009,110+,0.00,0.00,0.00,IRL
144,2010-2019,0,994.00,1216.00,2210.00,IRL
145,2010-2019,1-4,152.00,199.00,351.00,IRL
146,2010-2019,5-9,107.00,137.00,244.00,IRL
147,2010-2019,10-14,89.00,161.00,250.00,IRL
148,2010-2019,15-19,233.00,513.00,746.00,IRL
149,2010-2019,20-24,284.00,987.00,1271.00,IRL
150,2010-2019,25-29,437.00,1140.00,1577.00,IRL
151,2010-2019,30-34,730.00,1462.00,2192.00,IRL
152,2010-2019,35-39,977.00,1796.00,2773.00,IRL
153,2010-2019,40-44,1482.00,2521.00,4003.00,IRL
154,2010-2019,45-49,2159.00,3493.00,5652.00,IRL
155,2010-2019,50-54,3311.00,4992.00,8303.00,IRL
156,2010-2019,55-59,4706.00,7134.00,11840.00,IRL
157,2010-2019,60-64,6445.00,10196.00,16641.00,IRL
158,2010-2019,65-69,9070.00,13880.00,22950.00,IRL
159,2010-2019,70-74,11867.00,17761.00,29628.00,IRL
160,2010-2019,75-79,16399.00,21943.00,38342.00,IRL
161,2010-2019,80-84,23539.00,25157.00,48696.00,IRL
162,2010-2019,85-89,28696.00,22355.00,51051.00,IRL
163,2010-2019,90-94,23144.00,11927.00,35071.00,IRL
164,2010-2019,95-99,9104.00,2980.00,12084.00,IRL
165,2010-2019,100-104,1550.04,317.23,1867.27,IRL
166,2010-2019,105-109,93.96,8.76,102.72,IRL
167,2010-2019,110+,0.00,0.00,0.00,IRL
0,1933-1939,0,362056.18,477977.01,840033.19,USA
1,1933-1939,1-4,115143.59,135489.04,250632.63,USA
2,1933-1939,5-9,53258.44,67564.33,120822.77,USA
3,1933-1939,10-14,46694.50,62828.23,109522.73,USA
4,1933-1939,15-19,81279.71,99734.97,181014.68,USA
5,1933-1939,20-24,112947.56,129306.90,242254.46,USA
6,1933-1939,25-29,124815.57,136924.68,261740.25,USA
7,1933-1939,30-34,129395.90,151004.95,280400.85,USA
8,1933-1939,35-39,153069.29,190604.31,343673.60,USA
9,1933-1939,40-44,176225.26,243295.89,419521.15,USA
10,1933-1939,45-49,213136.49,312163.99,525300.48,USA
11,1933-1939,50-54,256553.94,382604.02,639157.96,USA
12,1933-1939,55-59,290219.72,428887.96,719107.68,USA
13,1933-1939,60-64,352944.84,492107.37,845052.21,USA
14,1933-1939,65-69,414869.15,541491.24,956360.39,USA
15,1933-1939,70-74,445865.48,538023.23,983888.71,USA
16,1933-1939,75-79,438060.37,488250.92,926311.29,USA
17,1933-1939,80-84,332338.39,333798.86,666137.25,USA
18,1933-1939,85-89,190727.20,166439.33,357166.53,USA
19,1933-1939,90-94,72551.42,52714.64,125266.06,USA
20,1933-1939,95-99,17839.85,11080.82,28920.67,USA
21,1933-1939,100-104,4683.89,2615.18,7299.07,USA
22,1933-1939,105-109,682.78,343.77,1026.55,USA
23,1933-1939,110+,65.69,27.36,93.05,USA
24,1940-1949,0,481556.53,647196.64,1128753.17,USA
25,1940-1949,1-4,96777.46,117620.76,214398.22,USA
26,1940-1949,5-9,41153.31,58200.03,99353.34,USA
27,1940-1949,10-14,36212.73,55474.45,91687.18,USA
28,1940-1949,15-19,67627.86,100348.40,167976.26,USA
29,1940-1949,20-24,97106.04,140549.51,237655.55,USA
30,1940-1949,25-29,109934.72,140989.54,250924.26,USA
31,1940-1949,30-34,130650.19,161566.35,292216.54,USA
32,1940-1949,35-39,164460.26,212052.48,376512.74,USA
33,1940-1949,40-44,206538.92,290262.25,496801.17,USA
34,1940-1949,45-49,267391.42,407085.98,674477.40,USA
35,1940-1949,50-54,347278.86,565503.79,912782.65,USA
36,1940-1949,55-59,421471.74,698098.93,1119570.67,USA
37,1940-1949,60-64,518150.04,805480.61,1323630.65,USA
38,1940-1949,65-69,641749.80,890759.96,1532509.76,USA
39,1940-1949,70-74,730003.55,901430.09,1631433.64,USA
40,1940-1949,75-79,716457.87,793951.81,1510409.68,USA
41,1940-1949,80-84,593110.08,580661.73,1173771.81,USA
42,1940-1949,85-89,360719.61,308121.43,668841.04,USA
43,1940-1949,90-94,135287.52,97819.23,233106.75,USA
44,1940-1949,95-99,32194.95,20340.94,52535.89,USA
45,1940-1949,100-104,6930.45,4075.04,11005.49,USA
46,1940-1949,105-109,771.50,429.90,1201.40,USA
47,1940-1949,110+,50.81,24.18,74.99,USA
48,1950-1959,0,463258.21,625871.19,1089129.40,USA
49,1950-1959,1-4,79709.25,97514.46,177223.71,USA
50,1950-1959,5-9,35398.65,50591.94,85990.59,USA
51,1950-1959,10-14,24391.18,42452.65,66843.83,USA
52,1950-1959,15-19,35507.17,77002.71,112509.88,USA
53,1950-1959,20-24,44944.00,98715.81,143659.81,USA
54,1950-1959,25-29,60350.29,105503.49,165853.78,USA
55,1950-1959,30-34,84581.86,126557.84,211139.70,USA
56,1950-1959,35-39,119903.62,173911.66,293815.28,USA
57,1950-1959,40-44,169072.62,262460.18,431532.80,USA
58,1950-1959,45-49,230026.70,385202.20,615228.90,USA
59,1950-1959,50-54,309916.59,548030.24,857946.83,USA
60,1950-1959,55-59,401126.29,728395.60,1129521.89,USA
61,1950-1959,60-64,532698.05,922389.13,1455087.18,USA
62,1950-1959,65-69,707765.47,1094819.98,1802585.45,USA
63,1950-1959,70-74,833900.18,1103073.44,1936973.62,USA
64,1950-1959,75-79,887759.38,997380.54,1885139.92,USA
65,1950-1959,80-84,803270.53,762422.89,1565693.42,USA
66,1950-1959,85-89,527499.80,425984.01,953483.81,USA
67,1950-1959,90-94,225964.49,151779.56,377744.05,USA
68,1950-1959,95-99,57142.29,32333.51,89475.80,USA
69,1950-1959,100-104,8922.30,4581.86,13504.16,USA
70,1950-1959,105-109,1270.71,658.39,1929.10,USA
71,1950-1959,110+,365.98,201.03,567.01,USA
72,1960-1969,0,396936.68,539615.53,936552.21,USA
73,1960-1969,1-4,67937.64,84546.12,152483.76,USA
74,1960-1969,5-9,37103.82,52778.44,89882.26,USA
75,1960-1969,10-14,28407.95,49911.29,78319.24,USA
76,1960-1969,15-19,45621.33,114038.69,159660.02,USA
77,1960-1969,20-24,48134.17,124189.43,172323.60,USA
78,1960-1969,25-29,50915.11,104027.16,154942.27,USA
79,1960-1969,30-34,70898.50,117485.09,188383.59,USA
80,1960-1969,35-39,112910.86,175801.48,288712.34,USA
81,1960-1969,40-44,173491.88,277070.53,450562.41,USA
82,1960-1969,45-49,247325.21,419221.77,666546.98,USA
83,1960-1969,50-54,335544.08,616997.18,952541.26,USA
84,1960-1969,55-59,431892.54,826853.99,1258746.53,USA
85,1960-1969,60-64,569873.53,1035697.68,1605571.21,USA
86,1960-1969,65-69,769128.58,1238459.34,2007587.92,USA
87,1960-1969,70-74,988047.60,1358940.12,2346987.72,USA
88,1960-1969,75-79,1135386.54,1283951.26,2419337.80,USA
89,1960-1969,80-84,1098481.50,995859.68,2094341.18,USA
90,1960-1969,85-89,795920.01,586305.75,1382225.76,USA
91,1960-1969,90-94,372519.29,225732.57,598251.86,USA
92,1960-1969,95-99,98844.05,50066.32,148910.37,USA
93,1960-1969,100-104,14324.50,6226.34,20550.84,USA
94,1960-1969,105-109,1612.39,818.19,2430.58,USA
95,1960-1969,110+,400.00,252.00,652.00,USA
96,1970-1979,0,234598.02,314137.58,548735.60,USA
97,1970-1979,1-4,42039.12,55048.34,97087.46,USA
98,1970-1979,5-9,27074.52,40307.83,67382.35,USA
99,1970-1979,10-14,26802.39,48244.75,75047.14,USA
100,1970-1979,15-19,58245.91,157362.85,215608.76,USA
101,1970-1979,20-24,64975.50,196461.40,261436.90,USA
102,1970-1979,25-29,63383.15,159521.66,222904.81,USA
103,1970-1979,30-34,70326.75,141494.24,211820.99,USA
104,1970-1979,35-39,92070.12,161429.67,253499.79,USA
105,1970-1979,40-44,142989.50,239295.19,382284.69,USA
106,1970-1979,45-49,228513.88,390132.17,618646.05,USA
107,1970-1979,50-54,339676.18,599725.10,939401.28,USA
108,1970-1979,55-59,459751.85,833678.12,1293429.97,USA
109,1970-1979,60-64,611357.89,1099790.33,1711148.22,USA
110,1970-1979,65-69,794680.49,1304649.89,2099330.38,USA
111,1970-1979,70-74,1003015.54,1380039.82,2383055.36,USA
112,1970-1979,75-79,1214878.13,1336294.53,2551172.66,USA
113,1970-1979,80-84,1309468.58,1121318.29,2430786.87,USA
114,1970-1979,85-89,1060096.77,713029.84,1773126.61,USA
115,1970-1979,90-94,553408.14,295307.90,848716.04,USA
116,1970-1979,95-99,166164.29,71451.51,237615.80,USA
117,1970-1979,100-104,26851.36,9561.56,36412.92,USA
118,1970-1979,105-109,2856.58,1201.35,4057.93,USA
119,1970-1979,110+,504.00,240.00,744.00,USA
120,1980-1989,0,176597.02,231323.82,407920.84,USA
121,1980-1989,1-4,32834.84,43575.90,76410.74,USA
122,1980-1989,5-9,17811.25,26119.13,43930.38,USA
123,1980-1989,10-14,17685.16,31369.21,49054.37,USA
124,1980-1989,15-19,45406.79,120357.67,165764.46,USA
125,1980-1989,20-24,57772.84,181183.10,238955.94,USA
126,1980-1989,25-29,67756.14,188332.44,256088.58,USA
127,1980-1989,30-34,81345.32,198021.90,279367.22,USA
128,1980-1989,35-39,98798.61,207328.38,306126.99,USA
129,1980-1989,40-44,126789.14,232558.03,359347.17,USA
130,1980-1989,45-49,174835.53,302123.09,476958.62,USA
131,1980-1989,50-54,270474.55,458978.65,729453.20,USA
132,1980-1989,55-59,427861.64,718741.76,1146603.40,USA
133,1980-1989,60-64,639236.87,1029258.94,1668495.81,USA
134,1980-1989,65-69,863787.15,1306226.80,2170013.95,USA
135,1980-1989,70-74,1110059.90,1493577.35,2603637.25,USA
136,1980-1989,75-79,1346286.84,1491489.75,2837776.59,USA
137,1980-1989,80-84,1494268.27,1244960.77,2739229.04,USA
138,1980-1989,85-89,1382233.08,841539.57,2223772.65,USA
139,1980-1989,90-94,904996.73,408812.41,1313809.14,USA
140,1980-1989,95-99,336343.14,118153.31,454496.45,USA
141,1980-1989,100-104,61805.59,17286.16,79091.75,USA
142,1980-1989,105-109,5917.38,1586.54,7503.92,USA
143,1980-1989,110+,696.05,273.01,969.06,USA
144,1990-1999,0,139003.64,179673.75,318677.39,USA
145,1990-1999,1-4,27614.89,35692.43,63307.32,USA
146,1990-1999,5-9,15848.63,21781.86,37630.49,USA
147,1990-1999,10-14,16799.71,28332.73,45132.44,USA
148,1990-1999,15-19,39225.49,108132.48,147357.97,USA
149,1990-1999,20-24,44955.21,145779.61,190734.82,USA
150,1990-1999,25-29,60076.33,162361.19,222437.52,USA
151,1990-1999,30-34,90462.39,222448.74,312911.13,USA
152,1990-1999,35-39,130149.05,283013.47,413162.52,USA
153,1990-1999,40-44,171303.53,340158.87,511462.40,USA
154,1990-1999,45-49,220585.22,394612.95,615198.17,USA
155,1990-1999,50-54,284504.72,466278.88,750783.60,USA
156,1990-1999,55-59,381168.23,597224.89,978393.12,USA
157,1990-1999,60-64,564063.18,852404.91,1416468.09,USA
158,1990-1999,65-69,846396.32,1194363.58,2040759.90,USA
159,1990-1999,70-74,1187280.18,1509663.21,2696943.39,USA
160,1990-1999,75-79,1510927.53,1647594.09,3158521.62,USA
161,1990-1999,80-84,1782405.48,1522963.12,3305368.60,USA
162,1990-1999,85-89,1770096.61,1082637.35,2852733.96,USA
163,1990-1999,90-94,1257156.33,526405.95,1783562.28,USA
164,1990-1999,95-99,535136.15,156378.21,691514.36,USA
165,1990-1999,100-104,117630.28,25040.75,142671.03,USA
166,1990-1999,105-109,11993.67,2081.61,14075.28,USA
167,1990-1999,110+,831.05,224.04,1055.09,USA
168,2000-2009,0,122904.33,157391.33,280295.66,USA
169,2000-2009,1-4,20817.32,27113.44,47930.76,USA
170,2000-2009,5-9,12470.49,15983.31,28453.80,USA
171,2000-2009,10-14,14671.80,22532.66,37204.46,USA
172,2000-2009,15-19,37718.00,95206.85,132924.85,USA
173,2000-2009,20-24,47661.51,148777.51,196439.02,USA
174,2000-2009,25-29,54396.75,139302.52,193699.27,USA
175,2000-2009,30-34,73079.81,151202.42,224282.23,USA
176,2000-2009,35-39,117922.15,209637.99,327560.14,USA
177,2000-2009,40-44,194999.08,323459.56,518458.64,USA
178,2000-2009,45-49,289949.98,477032.04,766982.02,USA
179,2000-2009,50-54,383946.24,631934.97,1015881.21,USA
180,2000-2009,55-59,482423.25,755351.27,1237774.52,USA
181,2000-2009,60-64,600606.41,870824.82,1471431.23,USA
182,2000-2009,65-69,755127.67,1015816.62,1770944.29,USA
183,2000-2009,70-74,1042791.08,1275476.59,2318267.67,USA
184,2000-2009,75-79,1497113.25,1597600.41,3094713.66,USA
185,2000-2009,80-84,1971550.00,1719754.70,3691304.70,USA
186,2000-2009,85-89,2115071.15,1395547.05,3510618.20,USA
187,2000-2009,90-94,1611500.61,732211.13,2343711.74,USA
188,2000-2009,95-99,705753.38,208245.96,913999.34,USA
189,2000-2009,100-104,148105.12,28608.22,176713.34,USA
190,2000-2009,105-109,13863.67,1931.30,15794.97,USA
191,2000-2009,110+,706.93,114.02,820.95,USA
192,2010-2019,0,101940.17,128269.35,230209.52,USA
193,2010-2019,1-4,17266.55,22808.63,40075.18,USA
194,2010-2019,5-9,10414.03,13395.00,23809.03,USA
195,2010-2019,10-14,12186.14,17914.27,30100.41,USA
196,2010-2019,15-19,29355.99,73794.39,103150.38,USA
197,2010-2019,20-24,50571.56,146994.68,197566.24,USA
198,2010-2019,25-29,67620.07,170865.35,238485.42,USA
199,2010-2019,30-34,88371.74,183787.23,272158.97,USA
200,2010-2019,35-39,114620.56,205258.89,319879.45,USA
201,2010-2019,40-44,162258.06,261595.04,423853.10,USA
202,2010-2019,45-49,262079.16,407832.72,669911.88,USA
203,2010-2019,50-54,419293.07,653909.69,1073202.76,USA
204,2010-2019,55-59,599450.67,947211.89,1546662.56,USA
205,2010-2019,60-64,770290.92,1179883.76,1950174.68,USA
206,2010-2019,65-69,941499.26,1320812.81,2262312.07,USA
207,2010-2019,70-74,1129464.03,1427029.52,2556493.55,USA
208,2010-2019,75-79,1375252.76,1545892.32,2921145.08,USA
209,2010-2019,80-84,1787532.20,1708957.38,3496489.58,USA
210,2010-2019,85-89,2187269.72,1658710.68,3845980.40,USA
211,2010-2019,90-94,1919173.23,1075057.05,2994230.28,USA
212,2010-2019,95-99,910848.26,343039.36,1253887.62,USA
213,2010-2019,100-104,198868.64,44978.81,243847.45,USA
214,2010-2019,105-109,18187.54,2362.49,20550.03,USA
215,2010-2019,110+,746.00,83.64,829.64,USA
216,2020-2021,0,17736.33,21769.89,39506.22,USA
217,2020-2021,1-4,3214.05,4131.18,7345.23,USA
218,2020-2021,5-9,1996.01,2620.12,4616.13,USA
219,2020-2021,10-14,2747.02,4236.20,6983.22,USA
220,2020-2021,15-19,7029.15,18656.78,25685.93,USA
221,2020-2021,20-24,12698.23,35741.47,48439.70,USA
222,2020-2021,25-29,18942.34,48949.02,67891.36,USA
223,2020-2021,30-34,27078.51,60794.49,87873.00,USA
224,2020-2021,35-39,34935.62,69550.83,104486.45,USA
225,2020-2021,40-44,44410.81,80542.31,124953.12,USA
226,2020-2021,45-49,60198.09,102380.24,162578.33,USA
227,2020-2021,50-54,91368.68,153253.30,244621.98,USA
228,2020-2021,55-59,144885.65,235960.71,380846.36,USA
229,2020-2021,60-64,209745.83,328151.54,537897.37,USA
230,2020-2021,65-69,258481.75,378915.62,637397.37,USA
231,2020-2021,70-74,329375.03,432057.83,761432.86,USA
232,2020-2021,75-79,371065.83,436008.01,807073.84,USA
233,2020-2021,80-84,419439.80,425266.59,844706.39,USA
234,2020-2021,85-89,466488.71,387689.05,854177.76,USA
235,2020-2021,90-94,432903.09,269719.19,702622.28,USA
236,2020-2021,95-99,229300.33,97396.04,326696.37,USA
237,2020-2021,100-104,51169.96,13475.56,64645.52,USA
238,2020-2021,105-109,4559.07,703.04,5262.11,USA
239,2020-2021,110+,198.01,23.00,221.01,USA
0,1921-1929,0,29037.92,38552.05,67589.97,AUS
1,1921-1929,1-4,10478.84,12628.38,23107.22,AUS
2,1921-1929,5-9,3898.08,4836.51,8734.59,AUS
3,1921-1929,10-14,2860.73,3808.09,6668.82,AUS
4,1921-1929,15-19,4049.13,5364.99,9414.12,AUS
5,1921-1929,20-24,6048.62,6529.58,12578.20,AUS
6,1921-1929,25-29,7184.99,7066.55,14251.54,AUS
7,1921-1929,30-34,7926.16,8083.93,16010.09,AUS
8,1921-1929,35-39,9017.38,10085.39,19102.77,AUS
9,1921-1929,40-44,8646.30,11624.36,20270.66,AUS
10,1921-1929,45-49,9393.46,13907.17,23300.63,AUS
11,1921-1929,50-54,10788.86,16596.84,27385.70,AUS
12,1921-1929,55-59,12828.36,20508.16,33336.52,AUS
13,1921-1929,60-64,15920.13,25936.79,41856.92,AUS
14,1921-1929,65-69,18225.59,27878.54,46104.13,AUS
15,1921-1929,70-74,17839.44,24912.46,42751.90,AUS
16,1921-1929,75-79,17338.55,20953.12,38291.67,AUS
17,1921-1929,80-84,14539.85,15160.74,29700.59,AUS
18,1921-1929,85-89,9233.45,8589.41,17822.86,AUS
19,1921-1929,90-94,3436.88,3012.93,6449.81,AUS
20,1921-1929,95-99,973.23,697.86,1671.09,AUS
21,1921-1929,100-104,102.04,107.09,209.13,AUS
22,1921-1929,105-109,8.00,16.00,24.00,AUS
23,1921-1929,110+,0.00,6.00,6.00,AUS
24,1930-1939,0,20565.97,27307.75,47873.72,AUS
25,1930-1939,1-4,7780.74,9245.81,17026.55,AUS
26,1930-1939,5-9,3447.31,4733.88,8181.19,AUS
27,1930-1939,10-14,2614.24,3918.34,6532.58,AUS
28,1930-1939,15-19,4043.37,5717.43,9760.80,AUS
29,1930-1939,20-24,5992.60,7217.32,13209.92,AUS
30,1930-1939,25-29,6890.62,7233.38,14124.00,AUS
31,1930-1939,30-34,7107.69,7498.53,14606.22,AUS
32,1930-1939,35-39,8623.85,9387.62,18011.47,AUS
33,1930-1939,40-44,9752.95,12095.32,21848.27,AUS
34,1930-1939,45-49,12143.14,16572.78,28715.92,AUS
35,1930-1939,50-54,14078.32,20910.33,34988.65,AUS
36,1930-1939,55-59,16007.47,25277.84,41285.31,AUS
37,1930-1939,60-64,20573.89,30803.29,51377.18,AUS
38,1930-1939,65-69,27083.50,37998.57,65082.07,AUS
39,1930-1939,70-74,31451.90,41922.64,73374.54,AUS
40,1930-1939,75-79,31216.75,37694.65,68911.40,AUS
41,1930-1939,80-84,22472.94,24402.97,46875.91,AUS
42,1930-1939,85-89,13226.20,11561.73,24787.93,AUS
43,1930-1939,90-94,4984.39,3604.14,8588.53,AUS
44,1930-1939,95-99,1310.14,854.49,2164.63,AUS
45,1930-1939,100-104,143.00,115.08,258.08,AUS
46,1930-1939,105-109,11.00,20.01,31.01,AUS
47,1930-1939,110+,1.00,2.00,3.00,AUS
48,1940-1949,0,21635.40,28755.03,50390.43,AUS
49,1940-1949,1-4,5718.32,7193.70,12912.02,AUS
50,1940-1949,5-9,2343.10,3337.75,5680.85,AUS
51,1940-1949,10-14,1783.16,2786.65,4569.81,AUS
52,1940-1949,15-19,2598.13,4489.08,7087.21,AUS
53,1940-1949,20-24,4004.19,4977.25,8981.44,AUS
54,1940-1949,25-29,5148.29,5034.23,10182.52,AUS
55,1940-1949,30-34,5803.39,5918.43,11721.82,AUS
56,1940-1949,35-39,6804.40,7806.88,14611.28,AUS
57,1940-1949,40-44,8317.51,10689.62,19007.13,AUS
58,1940-1949,45-49,11770.71,16064.97,27835.68,AUS
59,1940-1949,50-54,16469.08,23811.82,40280.90,AUS
60,1940-1949,55-59,20463.40,33107.24,53570.64,AUS
61,1940-1949,60-64,26041.77,41256.39,67298.16,AUS
62,1940-1949,65-69,32328.24,46069.58,78397.82,AUS
63,1940-1949,70-74,39873.67,48841.10,88714.77,AUS
64,1940-1949,75-79,44546.05,49211.11,93757.16,AUS
65,1940-1949,80-84,38327.66,38033.49,76361.15,AUS
66,1940-1949,85-89,22738.72,19555.98,42294.70,AUS
67,1940-1949,90-94,7478.53,5279.37,12757.90,AUS
68,1940-1949,95-99,1626.12,966.31,2592.43,AUS
69,1940-1949,100-104,153.71,123.09,276.80,AUS
70,1940-1949,105-109,3.29,4.96,8.25,AUS
71,1940-1949,110+,0.00,1.00,1.00,AUS
72,1950-1959,0,20211.79,26747.19,46958.98,AUS
73,1950-1959,1-4,4937.93,6389.40,11327.33,AUS
74,1950-1959,5-9,2030.35,3013.13,5043.48,AUS
75,1950-1959,10-14,1411.24,2263.91,3675.15,AUS
76,1950-1959,15-19,1704.31,4592.74,6297.05,AUS
77,1950-1959,20-24,2102.42,6116.38,8218.80,AUS
78,1950-1959,25-29,2836.49,5971.26,8807.75,AUS
79,1950-1959,30-34,3938.77,6672.54,10611.31,AUS
80,1950-1959,35-39,5671.04,8249.12,13920.16,AUS
81,1950-1959,40-44,7877.50,11760.48,19637.98,AUS
82,1950-1959,45-49,11004.02,17676.74,28680.76,AUS
83,1950-1959,50-54,14605.74,25541.72,40147.46,AUS
84,1950-1959,55-59,19911.76,35637.59,55549.35,AUS
85,1950-1959,60-64,28665.38,48388.34,77053.72,AUS
86,1950-1959,65-69,38917.25,60256.88,99174.13,AUS
87,1950-1959,70-74,47962.98,62628.84,110591.82,AUS
88,1950-1959,75-79,52557.79,56069.29,108627.08,AUS
89,1950-1959,80-84,48403.03,42254.01,90657.04,AUS
90,1950-1959,85-89,33148.18,25237.62,58385.80,AUS
91,1950-1959,90-94,13084.45,8333.17,21417.62,AUS
92,1950-1959,95-99,2853.54,1577.54,4431.08,AUS
93,1950-1959,100-104,223.77,135.81,359.58,AUS
94,1950-1959,105-109,2.24,1.26,3.50,AUS
95,1950-1959,110+,0.00,0.00,0.00,AUS
96,1960-1969,0,18885.27,25471.28,44356.55,AUS
97,1960-1969,1-4,4026.50,4940.41,8966.91,AUS
98,1960-1969,5-9,1993.26,2797.80,4791.06,AUS
99,1960-1969,10-14,1434.15,2655.75,4089.90,AUS
100,1960-1969,15-19,2505.31,6388.71,8894.02,AUS
101,1960-1969,20-24,2412.30,7162.92,9575.22,AUS
102,1960-1969,25-29,2437.35,5468.51,7905.86,AUS
103,1960-1969,30-34,3260.35,6248.72,9509.07,AUS
104,1960-1969,35-39,5503.61,9238.63,14742.24,AUS
105,1960-1969,40-44,8340.93,14243.92,22584.85,AUS
106,1960-1969,45-49,12486.46,21235.93,33722.39,AUS
107,1960-1969,50-54,17179.01,32031.92,49210.93,AUS
108,1960-1969,55-59,21637.49,44727.29,66364.78,AUS
109,1960-1969,60-64,29648.53,57321.79,86970.32,AUS
110,1960-1969,65-69,41882.93,67979.83,109862.76,AUS
111,1960-1969,70-74,58240.93,76158.49,134399.42,AUS
112,1960-1969,75-79,69349.22,74304.48,143653.70,AUS
113,1960-1969,80-84,65222.73,53954.79,119177.52,AUS
114,1960-1969,85-89,44394.26,29648.17,74042.43,AUS
115,1960-1969,90-94,19304.20,10175.83,29480.03,AUS
116,1960-1969,95-99,4742.55,2136.58,6879.13,AUS
117,1960-1969,100-104,561.30,199.93,761.23,AUS
118,1960-1969,105-109,19.76,8.13,27.89,AUS
119,1960-1969,110+,1.50,0.00,1.50,AUS
120,1970-1979,0,15349.21,20986.47,36335.68,AUS
121,1970-1979,1-4,3203.26,4337.95,7541.21,AUS
122,1970-1979,5-9,1763.12,2531.52,4294.64,AUS
123,1970-1979,10-14,1478.10,2533.56,4011.66,AUS
124,1970-1979,15-19,3215.22,9227.97,12443.19,AUS
125,1970-1979,20-24,3132.19,10388.18,13520.37,AUS
126,1970-1979,25-29,3019.24,7504.63,10523.87,AUS
127,1970-1979,30-34,3542.22,6859.51,10401.73,AUS
128,1970-1979,35-39,4861.41,8545.81,13407.22,AUS
129,1970-1979,40-44,7483.58,13038.75,20522.33,AUS
130,1970-1979,45-49,12523.04,23086.95,35609.99,AUS
131,1970-1979,50-54,18293.42,34706.54,52999.96,AUS
132,1970-1979,55-59,24854.90,48575.41,73430.31,AUS
133,1970-1979,60-64,34191.67,65759.19,99950.86,AUS
134,1970-1979,65-69,44264.43,80044.18,124308.61,AUS
135,1970-1979,70-74,58270.57,84517.27,142787.84,AUS
136,1970-1979,75-79,73528.68,78083.73,151612.41,AUS
137,1970-1979,80-84,79378.25,60939.06,140317.31,AUS
138,1970-1979,85-89,62158.84,37030.00,99188.84,AUS
139,1970-1979,90-94,28677.21,12997.82,41675.03,AUS
140,1970-1979,95-99,7775.59,2611.63,10387.22,AUS
141,1970-1979,100-104,917.63,249.54,1167.17,AUS
142,1970-1979,105-109,33.00,12.00,45.00,AUS
143,1970-1979,110+,0.00,0.00,0.00,AUS
144,1980-1989,0,9691.66,13023.56,22715.22,AUS
145,1980-1989,1-4,1976.11,2715.73,4691.84,AUS
146,1980-1989,5-9,1096.09,1706.52,2802.61,AUS
147,1980-1989,10-14,1098.10,2035.60,3133.70,AUS
148,1980-1989,15-19,2669.16,7593.10,10262.26,AUS
149,1980-1989,20-24,3251.21,10260.71,13511.92,AUS
150,1980-1989,25-29,3186.18,8985.32,12171.50,AUS
151,1980-1989,30-34,3593.23,8246.15,11839.38,AUS
152,1980-1989,35-39,4775.30,8994.33,13769.63,AUS
153,1980-1989,40-44,6455.39,11553.04,18008.43,AUS
154,1980-1989,45-49,9099.64,16126.44,25226.08,AUS
155,1980-1989,50-54,13861.91,26505.44,40367.35,AUS
156,1980-1989,55-59,21645.47,43481.05,65126.52,AUS
157,1980-1989,60-64,32351.17,61339.30,93690.47,AUS
158,1980-1989,65-69,45030.01,79112.10,124142.11,AUS
159,1980-1989,70-74,62273.15,94407.06,156680.21,AUS
160,1980-1989,75-79,76856.98,94393.46,171250.44,AUS
161,1980-1989,80-84,85693.64,72826.60,158520.24,AUS
162,1980-1989,85-89,75284.98,42198.77,117483.75,AUS
163,1980-1989,90-94,44903.89,17637.63,62541.52,AUS
164,1980-1989,95-99,14786.98,4346.10,19133.08,AUS
165,1980-1989,100-104,2174.14,470.61,2644.75,AUS
166,1980-1989,105-109,172.00,31.00,203.00,AUS
167,1980-1989,110+,3.00,1.50,4.50,AUS
168,1990-1999,0,6791.18,8970.08,15761.26,AUS
169,1990-1999,1-4,1574.04,2087.61,3661.65,AUS
170,1990-1999,5-9,840.30,1158.18,1998.48,AUS
171,1990-1999,10-14,942.64,1314.22,2256.86,AUS
172,1990-1999,15-19,2169.44,5466.27,7635.71,AUS
173,1990-1999,20-24,2752.08,8669.09,11421.17,AUS
174,1990-1999,25-29,3021.06,9036.11,12057.17,AUS
175,1990-1999,30-34,3888.15,9880.13,13768.28,AUS
176,1990-1999,35-39,5286.14,10701.34,15987.48,AUS
177,1990-1999,40-44,7280.15,12961.60,20241.75,AUS
178,1990-1999,45-49,10146.35,16824.07,26970.42,AUS
179,1990-1999,50-54,13428.46,22737.78,36166.24,AUS
180,1990-1999,55-59,17642.54,31551.85,49194.39,AUS
181,1990-1999,60-64,26353.77,49262.90,75616.67,AUS
182,1990-1999,65-69,41660.21,74680.98,116341.19,AUS
183,1990-1999,70-74,62151.81,95752.60,157904.41,AUS
184,1990-1999,75-79,84430.44,105078.79,189509.23,AUS
185,1990-1999,80-84,104284.07,97191.76,201475.83,AUS
186,1990-1999,85-89,99015.83,64703.95,163719.78,AUS
187,1990-1999,90-94,63003.84,26922.30,89926.14,AUS
188,1990-1999,95-99,23260.59,6267.75,29528.34,AUS
189,1990-1999,100-104,4278.09,770.05,5048.14,AUS
190,1990-1999,105-109,343.50,52.51,396.01,AUS
191,1990-1999,110+,6.00,0.00,6.00,AUS
192,2000-2009,0,5442.36,7063.72,12506.08,AUS
193,2000-2009,1-4,1046.95,1423.35,2470.30,AUS
194,2000-2009,5-9,617.60,856.86,1474.46,AUS
195,2000-2009,10-14,659.03,957.79,1616.82,AUS
196,2000-2009,15-19,1756.18,4007.98,5764.16,AUS
197,2000-2009,20-24,2132.31,6066.02,8198.33,AUS
198,2000-2009,25-29,2538.35,6844.74,9383.09,AUS
199,2000-2009,30-34,3377.35,8066.63,11443.98,AUS
200,2000-2009,35-39,5017.37,9604.15,14621.52,AUS
201,2000-2009,40-44,7356.82,12764.25,20121.07,AUS
202,2000-2009,45-49,10980.80,17615.02,28595.82,AUS
203,2000-2009,50-54,15011.84,23957.32,38969.16,AUS
204,2000-2009,55-59,19943.60,33155.76,53099.36,AUS
205,2000-2009,60-64,25651.39,43695.79,69347.18,AUS
206,2000-2009,65-69,33474.01,57056.40,90530.41,AUS
207,2000-2009,70-74,49747.31,79402.53,129149.84,AUS
208,2000-2009,75-79,78998.76,108048.67,187047.43,AUS
209,2000-2009,80-84,114216.87,116944.69,231161.56,AUS
210,2000-2009,85-89,129038.90,93582.76,222621.66,AUS
211,2000-2009,90-94,98585.47,47555.84,146141.31,AUS
212,2000-2009,95-99,38827.50,12457.83,51285.33,AUS
213,2000-2009,100-104,7159.50,1503.54,8663.04,AUS
214,2000-2009,105-109,525.08,77.01,602.09,AUS
215,2000-2009,110+,11.03,0.00,11.03,AUS
216,2010-2019,0,4616.11,5819.26,10435.37,AUS
217,2010-2019,1-4,852.00,1091.00,1943.00,AUS
218,2010-2019,5-9,535.00,707.00,1242.00,AUS
219,2010-2019,10-14,552.00,780.00,1332.00,AUS
220,2010-2019,15-19,1517.00,3092.02,4609.02,AUS
221,2010-2019,20-24,1957.00,5158.39,7115.39,AUS
222,2010-2019,25-29,2447.00,6047.11,8494.11,AUS
223,2010-2019,30-34,3379.30,7197.18,10576.48,AUS
224,2010-2019,35-39,4873.30,9097.56,13970.86,AUS
225,2010-2019,40-44,7369.11,12444.46,19813.57,AUS
226,2010-2019,45-49,11012.25,17814.22,28826.47,AUS
227,2010-2019,50-54,16025.78,25215.43,41241.21,AUS
228,2010-2019,55-59,22183.19,35881.78,58064.97,AUS
229,2010-2019,60-64,29955.70,49030.87,78986.57,AUS
230,2010-2019,65-69,39967.84,65358.61,105326.45,AUS
231,2010-2019,70-74,53176.89,81814.57,134991.46,AUS
232,2010-2019,75-79,72420.31,100193.51,172613.82,AUS
233,2010-2019,80-84,109519.10,125766.22,235285.32,AUS
234,2010-2019,85-89,152391.20,131507.83,283899.03,AUS
235,2010-2019,90-94,139579.40,82739.59,222318.99,AUS
236,2010-2019,95-99,62965.51,24616.31,87581.82,AUS
237,2010-2019,100-104,12363.94,2965.66,15329.60,AUS
238,2010-2019,105-109,811.11,134.43,945.54,AUS
239,2010-2019,110+,15.27,0.00,15.27,AUS
0,1947-1949,0,245738.04,294228.81,539966.85,JPN
1,1947-1949,1-4,142039.38,150537.06,292576.44,JPN
2,1947-1949,5-9,34702.70,39461.73,74164.43,JPN
3,1947-1949,10-14,21014.65,20755.05,41769.70,JPN
4,1947-1949,15-19,46377.72,45012.54,91390.26,JPN
5,1947-1949,20-24,73793.85,76643.22,150437.07,JPN
6,1947-1949,25-29,63170.30,57910.23,121080.53,JPN
7,1947-1949,30-34,52126.66,51415.01,103541.67,JPN
8,1947-1949,35-39,49760.26,53216.19,102976.45,JPN
9,1947-1949,40-44,45391.64,55371.08,100762.72,JPN
10,1947-1949,45-49,48166.86,65348.41,113515.27,JPN
11,1947-1949,50-54,53648.40,76013.71,129662.11,JPN
12,1947-1949,55-59,62978.06,91875.02,154853.08,JPN
13,1947-1949,60-64,81880.30,110112.28,191992.58,JPN
14,1947-1949,65-69,106168.92,126290.22,232459.14,JPN
15,1947-1949,70-74,120939.02,120266.17,241205.19,JPN
16,1947-1949,75-79,97796.27,79706.87,177503.14,JPN
17,1947-1949,80-84,71516.36,46144.26,117660.62,JPN
18,1947-1949,85-89,28867.49,15283.87,44151.36,JPN
19,1947-1949,90-94,8712.50,3816.43,12528.93,JPN
20,1947-1949,95-99,1223.47,527.76,1751.23,JPN
21,1947-1949,100-104,86.09,42.04,128.13,JPN
22,1947-1949,105-109,8.00,8.00,16.00,JPN
23,1947-1949,110+,10.00,6.00,16.00,JPN
24,1950-1959,0,381954.25,462852.29,844806.54,JPN
25,1950-1959,1-4,208817.87,224300.05,433117.92,JPN
26,1950-1959,5-9,64092.30,79553.12,143645.42,JPN
27,1950-1959,10-14,32703.18,38334.13,71037.31,JPN
28,1950-1959,15-19,57339.12,71267.27,128606.39,JPN
29,1950-1959,20-24,95764.64,121312.12,217076.76,JPN
30,1950-1959,25-29,101211.07,113821.29,215032.36,JPN
31,1950-1959,30-34,95170.64,91758.50,186929.14,JPN
32,1950-1959,35-39,95768.92,92951.45,188720.37,JPN
33,1950-1959,40-44,105574.26,117759.02,223333.28,JPN
34,1950-1959,45-49,124373.44,160375.20,284748.64,JPN
35,1950-1959,50-54,153474.28,217710.86,371185.14,JPN
36,1950-1959,55-59,188914.14,288338.18,477252.32,JPN
37,1950-1959,60-64,238235.44,351263.33,589498.77,JPN
38,1950-1959,65-69,317093.72,410259.83,727353.55,JPN
39,1950-1959,70-74,405049.53,431825.34,836874.87,JPN
40,1950-1959,75-79,423372.70,365724.70,789097.40,JPN
41,1950-1959,80-84,309329.01,213034.90,522363.91,JPN
42,1950-1959,85-89,151616.28,81414.77,233031.05,JPN
43,1950-1959,90-94,44081.47,18375.60,62457.07,JPN
44,1950-1959,95-99,6505.27,2062.86,8568.13,JPN
45,1950-1959,100-104,500.41,159.14,659.55,JPN
46,1950-1959,105-109,25.00,16.00,41.00,JPN
47,1950-1959,110+,8.00,1.00,9.00,JPN
48,1960-1969,0,152753.80,202846.65,355600.45,JPN
49,1960-1969,1-4,43165.95,56083.78,99249.73,JPN
50,1960-1969,5-9,20253.85,31940.85,52194.70,JPN
51,1960-1969,10-14,15754.54,24640.92,40395.46,JPN
52,1960-1969,15-19,26171.72,52952.64,79124.36,JPN
53,1960-1969,20-24,40901.79,71991.46,112893.25,JPN
54,1960-1969,25-29,47881.18,75224.56,123105.74,JPN
55,1960-1969,30-34,54579.26,81688.36,136267.62,JPN
56,1960-1969,35-39,64642.18,94760.27,159402.45,JPN
57,1960-1969,40-44,77209.42,101459.82,178669.24,JPN
58,1960-1969,45-49,101152.12,128161.40,229313.52,JPN
59,1960-1969,50-54,137087.98,191365.72,328453.70,JPN
60,1960-1969,55-59,177000.16,283701.43,460701.59,JPN
61,1960-1969,60-64,232839.63,385689.49,618529.12,JPN
62,1960-1969,65-69,312248.85,473472.02,785720.87,JPN
63,1960-1969,70-74,402419.14,510601.94,913021.08,JPN
64,1960-1969,75-79,471261.94,459639.26,930901.20,JPN
65,1960-1969,80-84,432543.98,313408.48,745952.46,JPN
66,1960-1969,85-89,260246.92,140460.29,400707.21,JPN
67,1960-1969,90-94,83835.67,34346.99,118182.66,JPN
68,1960-1969,95-99,13086.46,4066.34,17152.80,JPN
69,1960-1969,100-104,862.38,227.21,1089.59,JPN
70,1960-1969,105-109,28.00,5.00,33.00,JPN
71,1960-1969,110+,2.00,0.00,2.00,JPN
72,1970-1979,0,84099.64,114853.42,198953.06,JPN
73,1970-1979,1-4,27822.98,37955.57,65778.55,JPN
74,1970-1979,5-9,12355.92,20703.36,33059.28,JPN
75,1970-1979,10-14,7850.07,12925.96,20776.03,JPN
76,1970-1979,15-19,14049.05,38365.01,52414.06,JPN
77,1970-1979,20-24,26276.24,52589.69,78865.93,JPN
78,1970-1979,25-29,32087.44,55262.29,87349.73,JPN
79,1970-1979,30-34,36886.64,61121.32,98007.96,JPN
80,1970-1979,35-39,48423.00,86271.80,134694.80,JPN
81,1970-1979,40-44,67224.92,126511.54,193736.46,JPN
82,1970-1979,45-49,92666.84,159359.92,252026.76,JPN
83,1970-1979,50-54,121332.82,177880.86,299213.68,JPN
84,1970-1979,55-59,156863.63,228819.37,385683.00,JPN
85,1970-1979,60-64,220296.36,336624.51,556920.87,JPN
86,1970-1979,65-69,307532.18,465184.33,772716.51,JPN
87,1970-1979,70-74,422183.36,566242.73,988426.09,JPN
88,1970-1979,75-79,521827.87,563881.33,1085709.20,JPN
89,1970-1979,80-84,504470.11,410978.47,915448.58,JPN
90,1970-1979,85-89,337072.64,199120.80,536193.44,JPN
91,1970-1979,90-94,136243.07,56608.57,192851.64,JPN
92,1970-1979,95-99,27137.87,8637.98,35775.85,JPN
93,1970-1979,100-104,2315.37,621.12,2936.49,JPN
94,1970-1979,105-109,90.00,31.01,121.01,JPN
95,1970-1979,110+,4.00,1.00,5.00,JPN
96,1980-1989,0,37342.15,47640.86,84983.01,JPN
97,1980-1989,1-4,13537.27,18484.41,32021.68,JPN
98,1980-1989,5-9,7274.92,12310.17,19585.09,JPN
99,1980-1989,10-14,5917.18,9913.88,15831.06,JPN
100,1980-1989,15-19,10761.73,31419.80,42181.53,JPN
101,1980-1989,20-24,13408.18,33758.04,47166.22,JPN
102,1980-1989,25-29,16834.12,33402.40,50236.52,JPN
103,1980-1989,30-34,26014.01,45594.00,71608.01,JPN
104,1980-1989,35-39,39283.95,68724.51,108008.46,JPN
105,1980-1989,40-44,54345.90,99858.15,154204.05,JPN
106,1980-1989,45-49,78784.03,155633.94,234417.97,JPN
107,1980-1989,50-54,112751.24,233196.12,345947.36,JPN
108,1980-1989,55-59,148066.89,292504.09,440570.98,JPN
109,1980-1989,60-64,196385.58,320963.65,517349.23,JPN
110,1980-1989,65-69,272767.64,397237.51,670005.15,JPN
111,1980-1989,70-74,403761.42,548083.73,951845.15,JPN
112,1980-1989,75-79,556109.13,645994.46,1202103.59,JPN
113,1980-1989,80-84,633059.24,576091.12,1209150.36,JPN
114,1980-1989,85-89,506187.74,341350.26,847538.00,JPN
115,1980-1989,90-94,232987.04,115768.89,348755.93,JPN
116,1980-1989,95-99,54183.48,20193.67,74377.15,JPN
117,1980-1989,100-104,5881.10,1672.03,7553.13,JPN
118,1980-1989,105-109,280.07,59.08,339.15,JPN
119,1980-1989,110+,6.00,2.00,8.00,JPN
120,1990-1999,0,22023.37,27378.36,49401.73,JPN
121,1990-1999,1-4,8372.03,11001.78,19373.81,JPN
122,1990-1999,5-9,4467.74,6711.25,11178.99,JPN
123,1990-1999,10-14,4053.48,6431.73,10485.21,JPN
124,1990-1999,15-19,9206.59,25020.20,34226.79,JPN
125,1990-1999,20-24,13105.95,34044.05,47150.00,JPN
126,1990-1999,25-29,13985.41,31253.38,45238.79,JPN
127,1990-1999,30-34,17528.60,32966.71,50495.31,JPN
128,1990-1999,35-39,25395.38,46777.53,72172.91,JPN
129,1990-1999,40-44,47657.90,86709.45,134367.35,JPN
130,1990-1999,45-49,78253.78,149261.97,227515.75,JPN
131,1990-1999,50-54,105434.91,212706.09,318141.00,JPN
132,1990-1999,55-59,143084.50,313337.59,456422.09,JPN
133,1990-1999,60-64,202916.28,452570.20,655486.48,JPN
134,1990-1999,65-69,283075.78,557664.88,840740.66,JPN
135,1990-1999,70-74,396025.25,604605.31,1000630.56,JPN
136,1990-1999,75-79,567994.90,684539.56,1252534.46,JPN
137,1990-1999,80-84,761688.38,737095.40,1498783.78,JPN
138,1990-1999,85-89,749980.21,537456.84,1287437.05,JPN
139,1990-1999,90-94,451647.78,234303.31,685951.09,JPN
140,1990-1999,95-99,140005.44,53667.16,193672.60,JPN
141,1990-1999,100-104,19269.54,5560.55,24830.09,JPN
142,1990-1999,105-109,1108.61,230.40,1339.01,JPN
143,1990-1999,110+,39.00,4.00,43.00,JPN
144,2000-2009,0,14262.70,17200.72,31463.42,JPN
145,2000-2009,1-4,5048.09,6361.30,11409.39,JPN
146,2000-2009,5-9,2660.62,3706.37,6366.99,JPN
147,2000-2009,10-14,2324.36,3675.28,5999.64,JPN
148,2000-2009,15-19,5984.59,13277.04,19261.63,JPN
149,2000-2009,20-24,10023.05,23253.26,33276.31,JPN
150,2000-2009,25-29,13242.05,28457.92,41699.97,JPN
151,2000-2009,30-34,18729.31,37559.89,56289.20,JPN
152,2000-2009,35-39,25343.31,48458.80,73802.11,JPN
153,2000-2009,40-44,34414.89,67757.17,102172.06,JPN
154,2000-2009,45-49,54370.09,108940.62,163310.71,JPN
155,2000-2009,50-54,98414.27,204085.03,302499.30,JPN
156,2000-2009,55-59,143209.94,320777.70,463987.64,JPN
157,2000-2009,60-64,182110.57,419512.50,601623.07,JPN
158,2000-2009,65-69,261068.77,570475.70,831544.47,JPN
159,2000-2009,70-74,393757.25,774739.86,1168497.11,JPN
160,2000-2009,75-79,586220.58,924664.37,1510884.95,JPN
161,2000-2009,80-84,812808.58,886246.37,1699054.95,JPN
162,2000-2009,85-89,951417.91,692728.97,1644146.88,JPN
163,2000-2009,90-94,797524.63,396508.09,1194032.72,JPN
164,2000-2009,95-99,355467.56,118132.25,473599.81,JPN
165,2000-2009,100-104,70772.17,15624.11,86396.28,JPN
166,2000-2009,105-109,5649.35,856.86,6506.21,JPN
167,2000-2009,110+,176.04,21.00,197.04,JPN
168,2010-2019,0,9567.43,10948.88,20516.31,JPN
169,2010-2019,1-4,3737.58,4288.38,8025.96,JPN
170,2010-2019,5-9,1968.47,2613.74,4582.21,JPN
171,2010-2019,10-14,2000.42,3002.62,5003.04,JPN
172,2010-2019,15-19,4185.86,8707.11,12892.97,JPN
173,2010-2019,20-24,6786.68,16446.93,23233.61,JPN
174,2010-2019,25-29,8848.11,18933.49,27781.60,JPN
175,2010-2019,30-34,13078.95,24858.44,37937.39,JPN
176,2010-2019,35-39,21339.72,37830.71,59170.43,JPN
177,2010-2019,40-44,34864.08,61184.92,96049.00,JPN
178,2010-2019,45-49,50770.05,90099.36,140869.41,JPN
179,2010-2019,50-54,70527.02,132754.39,203281.41,JPN
180,2010-2019,55-59,101021.34,210560.54,311581.88,JPN
181,2010-2019,60-64,170552.57,387222.16,557774.73,JPN
182,2010-2019,65-69,261620.18,592976.05,854596.23,JPN
183,2010-2019,70-74,367852.52,759011.78,1126864.30,JPN
184,2010-2019,75-79,585751.72,1014422.16,1600173.88,JPN
185,2010-2019,80-84,953468.66,1267988.71,2221457.37,JPN
186,2010-2019,85-89,1333763.30,1171120.26,2504883.56,JPN
187,2010-2019,90-94,1305777.73,655088.63,1960866.36,JPN
188,2010-2019,95-99,717464.20,208346.89,925811.09,JPN
189,2010-2019,100-104,186204.44,33673.32,219877.76,JPN
190,2010-2019,105-109,17550.66,2029.42,19580.08,JPN
191,2010-2019,110+,633.32,43.02,676.34,JPN
192,2020-2021,0,1349.44,1563.92,2913.36,JPN
193,2020-2021,1-4,420.12,531.65,951.77,JPN
194,2020-2021,5-9,291.10,345.40,636.50,JPN
195,2020-2021,10-14,377.10,490.61,867.71,JPN
196,2020-2021,15-19,894.30,1573.93,2468.23,JPN
197,2020-2021,20-24,1438.44,2928.60,4367.04,JPN
198,2020-2021,25-29,1552.47,3021.62,4574.09,JPN
199,2020-2021,30-34,1966.59,3803.68,5770.27,JPN
200,2020-2021,35-39,3155.02,5541.66,8696.68,JPN
201,2020-2021,40-44,5570.80,9274.46,14845.26,JPN
202,2020-2021,45-49,10185.27,17627.39,27812.66,JPN
203,2020-2021,50-54,14577.57,26217.97,40795.54,JPN
204,2020-2021,55-59,18161.76,37204.71,55366.47,JPN
205,2020-2021,60-64,24847.89,55835.54,80683.43,JPN
206,2020-2021,65-69,43183.84,99447.89,142631.73,JPN
207,2020-2021,70-74,81999.40,178149.48,260148.88,JPN
208,2020-2021,75-79,114417.50,206877.00,321294.50,JPN
209,2020-2021,80-84,183800.91,258274.53,442075.44,JPN
210,2020-2021,85-89,288675.37,280617.68,569293.05,JPN
211,2020-2021,90-94,321861.21,187858.46,509719.67,JPN
212,2020-2021,95-99,193709.81,59832.46,253542.27,JPN
213,2020-2021,100-104,49928.30,8457.76,58386.06,JPN
214,2020-2021,105-109,5301.62,542.65,5844.27,JPN
215,2020-2021,110+,193.04,15.02,208.06,JPN
0,1960-1969,0,277800.15,373338.76,651138.91,RUS
1,1960-1969,1-4,79598.24,95429.22,175027.46,RUS
2,1960-1969,5-9,38090.27,64273.80,102364.07,RUS
3,1960-1969,10-14,28076.67,47434.06,75510.73,RUS
4,1960-1969,15-19,30727.90,74169.82,104897.72,RUS
5,1960-1969,20-24,44397.43,112817.59,157215.02,RUS
6,1960-1969,25-29,59740.88,176683.57,236424.45,RUS
7,1960-1969,30-34,78986.82,223261.71,302248.53,RUS
8,1960-1969,35-39,103846.47,247778.35,351624.82,RUS
9,1960-1969,40-44,117846.61,213227.64,331074.25,RUS
10,1960-1969,45-49,145606.95,209872.15,355479.10,RUS
11,1960-1969,50-54,223502.07,310835.74,534337.81,RUS
12,1960-1969,55-59,304409.42,399773.59,704183.01,RUS
13,1960-1969,60-64,411581.13,436730.98,848312.11,RUS
14,1960-1969,65-69,503390.99,426305.30,929696.29,RUS
15,1960-1969,70-74,614376.32,431270.69,1045647.01,RUS
16,1960-1969,75-79,673772.83,375903.55,1049676.38,RUS
17,1960-1969,80-84,609647.88,276648.38,886296.26,RUS
18,1960-1969,85-89,373882.13,146178.89,520061.02,RUS
19,1960-1969,90-94,157341.63,51864.57,209206.20,RUS
20,1960-1969,95-99,57606.60,16660.61,74267.21,RUS
21,1960-1969,100-104,14925.53,4150.50,19076.03,RUS
22,1960-1969,105-109,2906.50,800.88,3707.38,RUS
23,1960-1969,110+,441.59,125.62,567.21,RUS
24,1970-1979,0,198469.48,277266.36,475735.84,RUS
25,1970-1979,1-4,49299.31,63588.59,112887.90,RUS
26,1970-1979,5-9,24463.17,41862.79,66325.96,RUS
27,1970-1979,10-14,21919.35,40020.22,61939.57,RUS
28,1970-1979,15-19,36244.45,108082.98,144327.43,RUS
29,1970-1979,20-24,45860.35,185008.97,230869.32,RUS
30,1970-1979,25-29,43745.78,182726.42,226472.20,RUS
31,1970-1979,30-34,59609.65,222388.17,281997.82,RUS
32,1970-1979,35-39,96811.90,332846.99,429658.89,RUS
33,1970-1979,40-44,140847.46,427746.07,568593.53,RUS
34,1970-1979,45-49,212724.22,498526.12,711250.34,RUS
35,1970-1979,50-54,258494.66,442229.14,700723.80,RUS
36,1970-1979,55-59,317351.74,438460.45,755812.19,RUS
37,1970-1979,60-64,510048.58,617813.10,1127861.68,RUS
38,1970-1979,65-69,734783.16,699462.22,1434245.38,RUS
39,1970-1979,70-74,944556.02,625503.00,1570059.02,RUS
40,1970-1979,75-79,993804.33,495439.44,1489243.77,RUS
41,1970-1979,80-84,863471.74,358476.49,1221948.23,RUS
42,1970-1979,85-89,587444.29,198810.14,786254.43,RUS
43,1970-1979,90-94,260956.91,73500.35,334457.26,RUS
44,1970-1979,95-99,77056.45,18969.67,96026.12,RUS
45,1970-1979,100-104,17144.49,4366.44,21510.93,RUS
46,1970-1979,105-109,2119.47,585.76,2705.23,RUS
47,1970-1979,110+,165.92,49.98,215.90,RUS
48,1980-1989,0,195688.63,277440.03,473128.66,RUS
49,1980-1989,1-4,51186.00,67187.45,118373.45,RUS
50,1980-1989,5-9,22533.67,40646.14,63179.81,RUS
51,1980-1989,10-14,16275.67,31386.27,47661.94,RUS
52,1980-1989,15-19,28321.57,79586.87,107908.44,RUS
53,1980-1989,20-24,40160.90,165440.99,205601.89,RUS
54,1980-1989,25-29,53193.08,229146.79,282339.87,RUS
55,1980-1989,30-34,68689.45,266370.88,335060.33,RUS
56,1980-1989,35-39,75317.79,251882.00,327199.79,RUS
57,1980-1989,40-44,112425.55,351916.60,464342.15,RUS
58,1980-1989,45-49,190676.64,526062.07,716738.71,RUS
59,1980-1989,50-54,293822.37,713485.98,1007308.35,RUS
60,1980-1989,55-59,448551.21,827932.80,1276484.01,RUS
61,1980-1989,60-64,547746.06,707474.40,1255220.46,RUS
62,1980-1989,65-69,710028.50,673382.53,1383411.03,RUS
63,1980-1989,70-74,1145964.39,814664.67,1960629.06,RUS
64,1980-1989,75-79,1445339.73,729480.01,2174819.74,RUS
65,1980-1989,80-84,1325551.79,453465.15,1779016.94,RUS
66,1980-1989,85-89,812298.75,217623.64,1029922.39,RUS
67,1980-1989,90-94,336440.57,77397.47,413838.04,RUS
68,1980-1989,95-99,104065.41,19399.05,123464.46,RUS
69,1980-1989,100-104,22752.38,4349.64,27102.02,RUS
70,1980-1989,105-109,3080.19,613.62,3693.81,RUS
71,1980-1989,110+,278.63,59.10,337.73,RUS
72,1990-1999,0,108658.07,154642.23,263300.30,RUS
73,1990-1999,1-4,30860.06,41397.28,72257.34,RUS
74,1990-1999,5-9,21089.97,38054.95,59144.92,RUS
75,1990-1999,10-14,18714.89,36949.73,55664.62,RUS
76,1990-1999,15-19,40668.17,108473.32,149141.49,RUS
77,1990-1999,20-24,46732.46,193580.49,240312.95,RUS
78,1990-1999,25-29,54850.15,239614.80,294464.95,RUS
79,1990-1999,30-34,84341.94,357506.60,441848.54,RUS
80,1990-1999,35-39,132689.80,505912.86,638602.66,RUS
81,1990-1999,40-44,186084.09,641763.95,827848.04,RUS
82,1990-1999,45-49,213500.56,652503.40,866003.96,RUS
83,1990-1999,50-54,281233.37,760699.97,1041933.34,RUS
84,1990-1999,55-59,482119.23,1106055.50,1588174.73,RUS
85,1990-1999,60-64,706233.82,1335413.31,2041647.13,RUS
86,1990-1999,65-69,1064088.02,1376150.15,2440238.17,RUS
87,1990-1999,70-74,1235824.24,960499.94,2196324.18,RUS
88,1990-1999,75-79,1392765.74,714255.12,2107020.86,RUS
89,1990-1999,80-84,1684575.23,613796.60,2298371.83,RUS
90,1990-1999,85-89,1279838.93,330730.19,1610569.12,RUS
91,1990-1999,90-94,523253.97,97184.35,620438.32,RUS
92,1990-1999,95-99,117086.09,17745.58,134831.67,RUS
93,1990-1999,100-104,25134.93,3306.48,28441.41,RUS
94,1990-1999,105-109,2562.68,348.13,2910.81,RUS
95,1990-1999,110+,178.67,24.96,203.63,RUS
96,2000-2009,0,70263.63,97664.67,167928.30,RUS
97,2000-2009,1-4,17266.95,23613.49,40880.44,RUS
98,2000-2009,5-9,10294.89,16708.74,27003.63,RUS
99,2000-2009,10-14,12955.41,24090.64,37046.05,RUS
100,2000-2009,15-19,38798.42,99464.16,138262.58,RUS
101,2000-2009,20-24,58047.32,222705.90,280753.22,RUS
102,2000-2009,25-29,79636.77,315887.21,395523.98,RUS
103,2000-2009,30-34,100906.55,373876.23,474782.78,RUS
104,2000-2009,35-39,132631.48,457975.29,590606.77,RUS
105,2000-2009,40-44,209992.00,702477.09,912469.09,RUS
106,2000-2009,45-49,316426.71,972508.41,1288935.12,RUS
107,2000-2009,50-54,422171.53,1151729.42,1573900.95,RUS
108,2000-2009,55-59,451098.45,1019473.42,1470571.87,RUS
109,2000-2009,60-64,594355.63,1172314.25,1766669.88,RUS
110,2000-2009,65-69,956762.14,1414314.64,2371076.78,RUS
111,2000-2009,70-74,1390289.74,1462080.35,2852370.09,RUS
112,2000-2009,75-79,1864867.47,1191911.40,3056778.87,RUS
113,2000-2009,80-84,1651102.94,617153.14,2268256.08,RUS
114,2000-2009,85-89,1158409.96,291141.85,1449551.81,RUS
115,2000-2009,90-94,625655.57,121529.25,747184.82,RUS
116,2000-2009,95-99,153622.69,23544.67,177167.36,RUS
117,2000-2009,100-104,19716.31,2515.48,22231.79,RUS
118,2000-2009,105-109,1141.15,144.51,1285.66,RUS
119,2000-2009,110+,29.29,0.94,30.23,RUS
120,2010-2014,0,31284.90,41462.97,72747.87,RUS
121,2010-2014,1-4,7027.79,9216.54,16244.33,RUS
122,2010-2014,5-9,3909.47,5919.93,9829.40,RUS
123,2010-2014,10-14,3776.30,6331.84,10108.14,RUS
124,2010-2014,15-19,9206.09,21749.05,30955.14,RUS
125,2010-2014,20-24,18959.24,66689.59,85648.83,RUS
126,2010-2014,25-29,35424.72,121077.54,156502.26,RUS
127,2010-2014,30-34,52469.81,173816.87,226286.68,RUS
128,2010-2014,35-39,62575.47,195475.24,258050.71,RUS
129,2010-2014,40-44,72082.98,205250.43,277333.41,RUS
130,2010-2014,45-49,101577.67,281354.23,382931.90,RUS
131,2010-2014,50-54,166183.62,430911.46,597095.08,RUS
132,2010-2014,55-59,237975.31,531475.29,769450.60,RUS
133,2010-2014,60-64,295108.39,591308.79,886417.18,RUS
134,2010-2014,65-69,251268.52,382921.91,634190.43,RUS
135,2010-2014,70-74,561104.85,604323.27,1165428.12,RUS
136,2010-2014,75-79,714325.41,535920.46,1250245.87,RUS
137,2010-2014,80-84,935614.26,452012.79,1387627.05,RUS
138,2010-2014,85-89,750719.87,212709.37,963429.24,RUS
139,2010-2014,90-94,269973.74,53458.09,323431.83,RUS
140,2010-2014,95-99,78866.65,13191.84,92058.49,RUS
141,2010-2014,100-104,11511.23,1733.76,13244.99,RUS
142,2010-2014,105-109,941.29,169.38,1110.67,RUS
143,2010-2014,110+,42.47,8.28,50.75,RUS
0,2003-2009,0,5863.49,7151.28,13014.77,KOR
1,2003-2009,1-4,1806.18,2290.08,4096.26,KOR
2,2003-2009,5-9,1452.14,2174.09,3626.23,KOR
3,2003-2009,10-14,1335.13,2098.06,3433.19,KOR
4,2003-2009,15-19,2354.21,5030.23,7384.44,KOR
5,2003-2009,20-24,4356.38,7623.32,11979.70,KOR
6,2003-2009,25-29,6045.47,10754.50,16799.97,KOR
7,2003-2009,30-34,8009.65,14447.64,22457.29,KOR
8,2003-2009,35-39,11053.90,23548.05,34601.95,KOR
9,2003-2009,40-44,15100.26,39761.76,54862.02,KOR
10,2003-2009,45-49,20752.67,59722.71,80475.38,KOR
11,2003-2009,50-54,22512.84,66621.39,89134.23,KOR
12,2003-2009,55-59,25291.04,71100.30,96391.34,KOR
13,2003-2009,60-64,37061.12,91168.97,128230.09,KOR
14,2003-2009,65-69,59729.87,121836.47,181566.34,KOR
15,2003-2009,70-74,88272.18,128398.32,216670.50,KOR
16,2003-2009,75-79,119737.61,115501.72,235239.33,KOR
17,2003-2009,80-84,137997.09,97552.66,235549.75,KOR
18,2003-2009,85-89,114822.14,59084.03,173906.17,KOR
19,2003-2009,90-94,63166.00,21171.07,84337.07,KOR
20,2003-2009,95-99,19398.50,4808.24,24206.74,KOR
21,2003-2009,100-104,3438.89,524.64,3963.53,KOR
22,2003-2009,105-109,292.63,29.37,322.00,KOR
23,2003-2009,110+,7.76,0.00,7.76,KOR
24,2010-2019,0,5293.02,6763.98,12057.00,KOR
25,2010-2019,1-4,1368.24,1694.17,3062.41,KOR
26,2010-2019,5-9,890.18,1328.22,2218.40,KOR
27,2010-2019,10-14,1049.24,1621.28,2670.52,KOR
28,2010-2019,15-19,2626.53,5257.77,7884.30,KOR
29,2010-2019,20-24,4040.75,7936.19,11976.94,KOR
30,2010-2019,25-29,5598.04,10714.57,16312.61,KOR
31,2010-2019,30-34,8709.64,14738.08,23447.72,KOR
32,2010-2019,35-39,12139.25,22703.35,34842.60,KOR
33,2010-2019,40-44,17808.33,38253.54,56061.87,KOR
34,2010-2019,45-49,25099.70,63147.29,88246.99,KOR
35,2010-2019,50-54,33631.26,95021.77,128653.03,KOR
36,2010-2019,55-59,40381.58,117762.11,158143.69,KOR
37,2010-2019,60-64,45948.55,125763.57,171712.12,KOR
38,2010-2019,65-69,61504.56,143922.29,205426.85,KOR
39,2010-2019,70-74,104963.73,195284.35,300248.08,KOR
40,2010-2019,75-79,176288.98,237785.61,414074.59,KOR
41,2010-2019,80-84,239893.70,209180.96,449074.66,KOR
42,2010-2019,85-89,240060.61,132807.88,372868.49,KOR
43,2010-2019,90-94,153367.43,57741.49,211108.92,KOR
44,2010-2019,95-99,53330.81,14235.13,67565.94,KOR
45,2010-2019,100-104,9714.55,1921.55,11636.10,KOR
46,2010-2019,105-109,714.17,129.76,843.93,KOR
47,2010-2019,110+,19.28,0.00,19.28,KOR
