,Year,Age,mx,qx,ax,lx,dx,Lx,Tx,ex,country
0,1950-1959,0,0.03914,0.03791,0.17,100000,3791,96871,6775101,67.75,IRL
1,1950-1959,1-4,0.00181,0.00721,1.50,96209,694,383102,6678229,69.41,IRL
2,1950-1959,5-9,0.00062,0.00309,2.24,95515,295,476762,6295127,65.91,IRL
3,1950-1959,10-14,0.00050,0.00251,2.59,95220,239,475523,5818366,61.10,IRL
4,1950-1959,15-19,0.00088,0.00438,2.73,94981,416,473961,5342843,56.25,IRL
5,1950-1959,20-24,0.00131,0.00655,2.62,94565,620,471351,4868882,51.49,IRL
6,1950-1959,25-29,0.00161,0.00803,2.62,93945,754,467934,4397531,46.81,IRL
7,1950-1959,30-34,0.00203,0.01011,2.55,93191,942,463649,3929597,42.17,IRL
8,1950-1959,35-39,0.00267,0.01325,2.58,92249,1222,458289,3465949,37.57,IRL
9,1950-1959,40-44,0.00365,0.01810,2.54,91027,1648,451080,3007660,33.04,IRL
10,1950-1959,45-49,0.00544,0.02686,2.62,89379,2400,441183,2556580,28.60,IRL
11,1950-1959,50-54,0.00914,0.04473,2.59,86979,3890,425519,2115397,24.32,IRL
12,1950-1959,55-59,0.01335,0.06469,2.59,83089,5375,402497,1689878,20.34,IRL
13,1950-1959,60-64,0.02183,0.10357,2.53,77714,8049,368688,1287381,16.57,IRL
14,1950-1959,65-69,0.03288,0.15219,2.56,69665,10602,322499,918693,13.19,IRL
15,1950-1959,70-74,0.05728,0.25177,2.60,59063,14870,259591,596194,10.09,IRL
16,1950-1959,75-79,0.09103,0.36864,2.42,44193,16291,178968,336603,7.62,IRL
17,1950-1959,80-84,0.14332,0.52163,2.39,27901,14554,101552,157635,5.65,IRL
18,1950-1959,85-89,0.21448,0.66545,2.15,13347,8882,41412,56082,4.20,IRL
19,1950-1959,90-94,0.28300,0.76657,2.01,4465,3423,12095,14670,3.29,IRL
20,1950-1959,95-99,0.39353,0.87518,1.83,1042,912,2318,2575,2.47,IRL
21,1950-1959,100-104,0.50042,0.93069,1.63,130,121,242,257,1.97,IRL
22,1950-1959,105-109,0.60689,0.96163,1.45,9,9,14,15,1.64,IRL
23,1950-1959,110+,0.69038,1.00000,1.45,0,0,1,1,1.45,IRL
24,1960-1969,0,0.02605,0.02547,0.13,100000,2547,97780,7039978,70.40,IRL
25,1960-1969,1-4,0.00099,0.00396,1.57,97453,386,388872,6942198,71.24,IRL
26,1960-1969,5-9,0.00043,0.00214,2.35,97067,208,484783,6553326,67.51,IRL
27,1960-1969,10-14,0.00033,0.00165,2.48,96859,159,483891,6068543,62.65,IRL
28,1960-1969,15-19,0.00056,0.00280,2.80,96699,271,482901,5584652,57.75,IRL
29,1960-1969,20-24,0.00079,0.00392,2.49,96429,378,481193,5101750,52.91,IRL
30,1960-1969,25-29,0.00096,0.00478,2.58,96051,459,479145,4620557,48.11,IRL
31,1960-1969,30-34,0.00126,0.00626,2.63,95592,598,476539,4141412,43.32,IRL
32,1960-1969,35-39,0.00185,0.00919,2.64,94993,873,472910,3664873,38.58,IRL
33,1960-1969,40-44,0.00291,0.01444,2.62,94121,1359,467373,3191963,33.91,IRL
34,1960-1969,45-49,0.00464,0.02296,2.61,92761,2130,458707,2724590,29.37,IRL
35,1960-1969,50-54,0.00802,0.03934,2.63,90631,3565,444699,2265882,25.00,IRL
36,1960-1969,55-59,0.01219,0.05922,2.64,87065,5156,423161,1821184,20.92,IRL
37,1960-1969,60-64,0.02077,0.09891,2.60,81909,8102,390097,1398023,17.07,IRL
38,1960-1969,65-69,0.03169,0.14712,2.57,73807,10859,342608,1007926,13.66,IRL
39,1960-1969,70-74,0.05257,0.23340,2.60,62948,14692,279465,665318,10.57,IRL
40,1960-1969,75-79,0.08304,0.34242,2.44,48256,16524,199000,385853,8.00,IRL
41,1960-1969,80-84,0.13301,0.49546,2.43,31732,15722,118201,186853,5.89,IRL
42,1960-1969,85-89,0.20672,0.65489,2.20,16010,10485,50721,68651,4.29,IRL
43,1960-1969,90-94,0.28630,0.77415,2.03,5525,4277,14940,17931,3.25,IRL
44,1960-1969,95-99,0.40601,0.88464,1.81,1248,1104,2719,2990,2.40,IRL
45,1960-1969,100-104,0.52489,0.94027,1.59,144,135,258,271,1.88,IRL
46,1960-1969,105-109,0.64082,0.96868,1.40,9,8,13,13,1.55,IRL
47,1960-1969,110+,0.72940,1.00000,1.37,0,0,0,0,1.37,IRL
48,1970-1979,0,0.01695,0.01670,0.11,100000,1670,98521,7152971,71.53,IRL
49,1970-1979,1-4,0.00076,0.00302,1.61,98330,297,392611,7054450,71.74,IRL
50,1970-1979,5-9,0.00036,0.00178,2.34,98033,175,489699,6661839,67.96,IRL
51,1970-1979,10-14,0.00030,0.00150,2.62,97858,147,488940,6172141,63.07,IRL
52,1970-1979,15-19,0.00062,0.00312,2.84,97711,305,487899,5683200,58.16,IRL
53,1970-1979,20-24,0.00085,0.00422,2.50,97407,411,486007,5195301,53.34,IRL
54,1970-1979,25-29,0.00087,0.00433,2.62,96996,420,483980,4709294,48.55,IRL
55,1970-1979,30-34,0.00098,0.00489,2.65,96576,473,481769,4225314,43.75,IRL
56,1970-1979,35-39,0.00151,0.00753,2.68,96104,723,478843,3743545,38.95,IRL
57,1970-1979,40-44,0.00266,0.01320,2.64,95380,1259,473926,3264702,34.23,IRL
58,1970-1979,45-49,0.00448,0.02218,2.66,94121,2087,465727,2790776,29.65,IRL
59,1970-1979,50-54,0.00775,0.03805,2.67,92034,3502,452003,2325049,25.26,IRL
60,1970-1979,55-59,0.01207,0.05869,2.65,88532,5196,430437,1873046,21.16,IRL
61,1970-1979,60-64,0.01974,0.09425,2.61,83336,7855,397911,1442610,17.31,IRL
62,1970-1979,65-69,0.03126,0.14552,2.63,75481,10984,351354,1044699,13.84,IRL
63,1970-1979,70-74,0.05174,0.22998,2.59,64497,14833,286673,693344,10.75,IRL
64,1970-1979,75-79,0.08103,0.33637,2.48,49664,16706,206157,406671,8.19,IRL
65,1970-1979,80-84,0.12734,0.48019,2.44,32959,15826,124284,200514,6.08,IRL
66,1970-1979,85-89,0.19683,0.63782,2.24,17132,10927,55516,76230,4.45,IRL
67,1970-1979,90-94,0.27712,0.76790,2.10,6205,4765,17194,20714,3.34,IRL
68,1970-1979,95-99,0.39702,0.87915,1.83,1440,1266,3189,3520,2.44,IRL
69,1970-1979,100-104,0.51970,0.93890,1.60,174,163,314,331,1.90,IRL
70,1970-1979,105-109,0.64151,0.96907,1.40,11,10,16,17,1.55,IRL
71,1970-1979,110+,0.73509,1.00000,1.36,0,0,0,0,1.36,IRL
72,1980-1989,0,0.00947,0.00939,0.13,100000,939,99183,7357457,73.57,IRL
73,1980-1989,1-4,0.00050,0.00202,1.66,99061,200,395778,7258274,73.27,IRL
74,1980-1989,5-9,0.00025,0.00125,2.40,98861,124,493986,6862496,69.42,IRL
75,1980-1989,10-14,0.00024,0.00119,2.64,98738,118,493412,6368510,64.50,IRL
76,1980-1989,15-19,0.00058,0.00288,2.91,98620,284,492507,5875098,59.57,IRL
77,1980-1989,20-24,0.00075,0.00376,2.48,98336,370,490750,5382591,54.74,IRL
78,1980-1989,25-29,0.00068,0.00340,2.52,97966,334,489005,4891841,49.93,IRL
79,1980-1989,30-34,0.00084,0.00419,2.58,97633,409,487173,4402836,45.10,IRL
80,1980-1989,35-39,0.00113,0.00566,2.63,97224,550,484815,3915663,40.27,IRL
81,1980-1989,40-44,0.00197,0.00980,2.66,96674,947,481146,3430848,35.49,IRL
82,1980-1989,45-49,0.00344,0.01705,2.69,95726,1632,474859,2949702,30.81,IRL
83,1980-1989,50-54,0.00628,0.03096,2.71,94094,2913,463813,2474843,26.30,IRL
84,1980-1989,55-59,0.01068,0.05211,2.70,91182,4751,444973,2011030,22.06,IRL
85,1980-1989,60-64,0.01782,0.08553,2.65,86430,7392,414802,1566057,18.12,IRL
86,1980-1989,65-69,0.02815,0.13187,2.61,79038,10423,370309,1151255,14.57,IRL
87,1980-1989,70-74,0.04634,0.20866,2.62,68615,14317,308945,780946,11.38,IRL
88,1980-1989,75-79,0.07348,0.31077,2.52,54298,16874,229659,472001,8.69,IRL
89,1980-1989,80-84,0.11640,0.44948,2.47,37424,16821,144514,242341,6.48,IRL
90,1980-1989,85-89,0.17972,0.60405,2.29,20603,12445,69249,97827,4.75,IRL
91,1980-1989,90-94,0.26158,0.74744,2.13,8158,6097,23310,28578,3.50,IRL
92,1980-1989,95-99,0.37736,0.86572,1.87,2060,1784,4726,5269,2.56,IRL
93,1980-1989,100-104,0.50315,0.93336,1.63,277,258,513,542,1.96,IRL
94,1980-1989,105-109,0.63050,0.96731,1.42,18,18,28,29,1.58,IRL
95,1980-1989,110+,0.72889,1.00000,1.37,1,1,1,1,1.37,IRL
96,1990-1999,0,0.00649,0.00646,0.14,100000,646,99442,7559734,75.60,IRL
97,1990-1999,1-4,0.00033,0.00130,1.68,99354,129,397118,7460292,75.09,IRL
98,1990-1999,5-9,0.00015,0.00077,2.40,99225,76,495929,7063174,71.18,IRL
99,1990-1999,10-14,0.00019,0.00095,2.73,99149,94,495533,6567246,66.24,IRL
100,1990-1999,15-19,0.00052,0.00259,2.96,99055,257,494752,6071713,61.30,IRL
101,1990-1999,20-24,0.00080,0.00397,2.55,98798,392,493031,5576960,56.45,IRL
102,1990-1999,25-29,0.00080,0.00397,2.52,98406,391,491063,5083929,51.66,IRL
103,1990-1999,30-34,0.00084,0.00418,2.57,98015,409,489084,4592866,46.86,IRL
104,1990-1999,35-39,0.00107,0.00531,2.59,97606,519,486782,4103782,42.04,IRL
105,1990-1999,40-44,0.00164,0.00819,2.70,97087,795,483605,3617001,37.26,IRL
106,1990-1999,45-49,0.00277,0.01374,2.68,96293,1323,478393,3133396,32.54,IRL
107,1990-1999,50-54,0.00460,0.02274,2.73,94970,2160,469942,2655003,27.96,IRL
108,1990-1999,55-59,0.00803,0.03940,2.70,92810,3657,455623,2185061,23.54,IRL
109,1990-1999,60-64,0.01380,0.06688,2.69,89153,5962,432006,1729439,19.40,IRL
110,1990-1999,65-69,0.02337,0.11079,2.67,83191,9217,394471,1297433,15.60,IRL
111,1990-1999,70-74,0.03913,0.17905,2.63,73974,13245,338501,902961,12.21,IRL
112,1990-1999,75-79,0.06464,0.27919,2.56,60729,16955,262309,564460,9.29,IRL
113,1990-1999,80-84,0.10460,0.41422,2.49,43774,18132,173351,302151,6.90,IRL
114,1990-1999,85-89,0.16471,0.57280,2.34,25642,14688,89173,128799,5.02,IRL
115,1990-1999,90-94,0.25097,0.73191,2.15,10954,8017,31945,39626,3.62,IRL
116,1990-1999,95-99,0.36731,0.85911,1.90,2937,2523,6869,7681,2.62,IRL
117,1990-1999,100-104,0.50216,0.93380,1.64,414,386,769,812,1.96,IRL
118,1990-1999,105-109,0.63981,0.96940,1.41,27,27,42,43,1.56,IRL
119,1990-1999,110+,0.74513,1.00000,1.34,1,1,1,1,1.34,IRL
120,2000-2009,0,0.00455,0.00453,0.14,100000,453,99611,7855921,78.56,IRL
121,2000-2009,1-4,0.00022,0.00090,1.54,99547,89,397969,7756310,77.92,IRL
122,2000-2009,5-9,0.00011,0.00053,2.43,99458,52,497155,7358341,73.98,IRL
123,2000-2009,10-14,0.00014,0.00071,2.85,99405,71,496875,6861187,69.02,IRL
124,2000-2009,15-19,0.00049,0.00246,2.99,99335,244,496182,6364312,64.07,IRL
125,2000-2009,20-24,0.00067,0.00332,2.45,99090,329,494611,5868129,59.22,IRL
126,2000-2009,25-29,0.00067,0.00333,2.56,98761,329,493003,5373518,54.41,IRL
127,2000-2009,30-34,0.00075,0.00373,2.56,98432,367,491264,4880514,49.58,IRL
128,2000-2009,35-39,0.00098,0.00489,2.62,98065,480,489187,4389251,44.76,IRL
129,2000-2009,40-44,0.00145,0.00721,2.67,97586,704,486288,3900064,39.97,IRL
130,2000-2009,45-49,0.00229,0.01137,2.69,96882,1101,481870,3413776,35.24,IRL
131,2000-2009,50-54,0.00371,0.01837,2.69,95781,1760,474835,2931906,30.61,IRL
132,2000-2009,55-59,0.00587,0.02893,2.68,94021,2720,463804,2457071,26.13,IRL
133,2000-2009,60-64,0.00959,0.04692,2.69,91301,4283,446612,1993267,21.83,IRL
134,2000-2009,65-69,0.01589,0.07659,2.66,87017,6664,419514,1546655,17.77,IRL
135,2000-2009,70-74,0.02716,0.12775,2.67,80353,10265,377885,1127141,14.03,IRL
136,2000-2009,75-79,0.04769,0.21421,2.63,70088,15014,314820,749256,10.69,IRL
137,2000-2009,80-84,0.08106,0.33831,2.56,55074,18632,229861,434436,7.89,IRL
138,2000-2009,85-89,0.13935,0.51371,2.44,36442,18720,134341,204575,5.61,IRL
139,2000-2009,90-94,0.22221,0.68722,2.22,17721,12179,54807,70234,3.96,IRL
140,2000-2009,95-99,0.34152,0.83868,1.97,5543,4649,13612,15427,2.78,IRL
141,2000-2009,100-104,0.48402,0.92755,1.68,894,829,1714,1816,2.03,IRL
142,2000-2009,105-109,0.63234,0.96850,1.42,65,63,99,102,1.57,IRL
143,2000-2009,110+,0.74605,1.00000,1.34,2,2,3,3,1.34,IRL
144,2010-2019,0,0.00332,0.00331,0.14,100000,331,99716,8148316,81.48,IRL
145,2010-2019,1-4,0.00013,0.00052,1.53,99669,52,398547,8048600,80.75,IRL
146,2010-2019,5-9,0.00007,0.00036,2.27,99617,36,497988,7650053,76.79,IRL
147,2010-2019,10-14,0.00008,0.00040,2.66,99581,39,497814,7152065,71.82,IRL
148,2010-2019,15-19,0.00025,0.00126,2.83,99542,125,497438,6654251,66.85,IRL
149,2010-2019,20-24,0.00044,0.00221,2.61,99417,219,496559,6156813,61.93,IRL
150,2010-2019,25-29,0.00050,0.00249,2.49,99197,247,495368,5660254,57.06,IRL
151,2010-2019,30-34,0.00059,0.00297,2.65,98950,294,494061,5164886,52.20,IRL
152,2010-2019,35-39,0.00073,0.00365,2.60,98657,360,492418,4670824,47.34,IRL
153,2010-2019,40-44,0.00114,0.00569,2.63,98296,560,490155,4178406,42.51,IRL
154,2010-2019,45-49,0.00176,0.00878,2.68,97736,858,486691,3688251,37.74,IRL
155,2010-2019,50-54,0.00286,0.01419,2.68,96878,1374,481203,3201561,33.05,IRL
156,2010-2019,55-59,0.00454,0.02245,2.66,95504,2144,472512,2720358,28.48,IRL
157,2010-2019,60-64,0.00720,0.03541,2.70,93360,3306,459191,2247846,24.08,IRL
158,2010-2019,65-69,0.01169,0.05689,2.67,90054,5123,438326,1788655,19.86,IRL
159,2010-2019,70-74,0.01952,0.09336,2.67,84931,7929,406200,1350329,15.90,IRL
160,2010-2019,75-79,0.03444,0.15940,2.67,77002,12274,356352,944129,12.26,IRL
161,2010-2019,80-84,0.06097,0.26593,2.60,64728,17213,282344,587777,9.08,IRL
162,2010-2019,85-89,0.10870,0.42756,2.51,47515,20315,186900,305433,6.43,IRL
163,2010-2019,90-94,0.19477,0.64059,2.33,27199,17424,89459,118533,4.36,IRL
164,2010-2019,95-99,0.31485,0.81487,2.04,9776,7966,25300,29074,2.97,IRL
165,2010-2019,100-104,0.46982,0.92297,1.71,1810,1670,3555,3774,2.09,IRL
166,2010-2019,105-109,0.63468,0.96956,1.42,139,135,213,219,1.57,IRL
167,2010-2019,110+,0.75985,1.00000,1.32,4,4,6,6,1.32,IRL
0,1933-1939,0,0.06085,0.05820,0.25,100000,5820,95645,6126226,61.26,USA
1,1933-1939,1-4,0.00440,0.01741,1.41,94180,1640,372477,6030581,64.03,USA
2,1933-1939,5-9,0.00150,0.00748,2.30,92540,692,460835,5658104,61.14,USA
3,1933-1939,10-14,0.00128,0.00637,2.62,91848,585,457850,5197268,56.59,USA
4,1933-1939,15-19,0.00217,0.01078,2.70,91263,984,454051,4739419,51.93,USA
5,1933-1939,20-24,0.00305,0.01514,2.58,90280,1367,448084,4285368,47.47,USA
6,1933-1939,25-29,0.00351,0.01739,2.54,88913,1546,440758,3837284,43.16,USA
7,1933-1939,30-34,0.00408,0.02022,2.58,87367,1766,432564,3396526,38.88,USA
8,1933-1939,35-39,0.00538,0.02656,2.60,85600,2274,422533,2963963,34.63,USA
9,1933-1939,40-44,0.00690,0.03392,2.60,83326,2826,409838,2541430,30.50,USA
10,1933-1939,45-49,0.00961,0.04698,2.63,80500,3782,393527,2131592,26.48,USA
11,1933-1939,50-54,0.01373,0.06644,2.60,76718,5097,371367,1738064,22.66,USA
12,1933-1939,55-59,0.01873,0.08962,2.60,71621,6418,342691,1366697,19.08,USA
13,1933-1939,60-64,0.02748,0.12892,2.60,65202,8406,305876,1024006,15.71,USA
14,1933-1939,65-69,0.04093,0.18620,2.58,56797,10576,258381,718130,12.64,USA
15,1933-1939,70-74,0.06200,0.26912,2.55,46221,12439,200645,459749,9.95,USA
16,1933-1939,75-79,0.09420,0.38067,2.48,33782,12860,136508,259104,7.67,USA
17,1933-1939,80-84,0.13752,0.50585,2.39,20922,10584,76962,122595,5.86,USA
18,1933-1939,85-89,0.20316,0.65049,2.24,10339,6725,33103,45634,4.41,USA
19,1933-1939,90-94,0.26869,0.74676,2.03,3613,2698,10043,12531,3.47,USA
20,1933-1939,95-99,0.35473,0.84481,1.90,915,773,2179,2488,2.72,USA
21,1933-1939,100-104,0.45266,0.90926,1.71,142,129,285,308,2.17,USA
22,1933-1939,105-109,0.55502,0.94849,1.53,13,12,22,23,1.79,USA
23,1933-1939,110+,0.63756,1.00000,1.57,1,1,1,1,1.57,USA
24,1940-1949,0,0.04265,0.04122,0.19,100000,4122,96650,6552645,65.53,USA
25,1940-1949,1-4,0.00209,0.00831,1.50,95878,797,381522,6455995,67.34,USA
26,1940-1949,5-9,0.00089,0.00444,2.35,95081,422,474289,6074472,63.89,USA
27,1940-1949,10-14,0.00082,0.00411,2.65,94659,389,472383,5600184,59.16,USA
28,1940-1949,15-19,0.00148,0.00738,2.74,94270,695,469780,5127801,54.39,USA
29,1940-1949,20-24,0.00214,0.01062,2.54,93575,994,465431,4658020,49.78,USA
30,1940-1949,25-29,0.00223,0.01110,2.54,92581,1028,460369,4192590,45.29,USA
31,1940-1949,30-34,0.00276,0.01369,2.60,91552,1253,454760,3732220,40.77,USA
32,1940-1949,35-39,0.00371,0.01841,2.62,90299,1662,447544,3277460,36.30,USA
33,1940-1949,40-44,0.00529,0.02615,2.64,88637,2318,437716,2829916,31.93,USA
34,1940-1949,45-49,0.00776,0.03812,2.64,86319,3290,423848,2392200,27.71,USA
35,1940-1949,50-54,0.01181,0.05743,2.64,83029,4769,403885,1968352,23.71,USA
36,1940-1949,55-59,0.01729,0.08305,2.62,78261,6499,375804,1564467,19.99,USA
37,1940-1949,60-64,0.02463,0.11624,2.59,71761,8342,338676,1188662,16.56,USA
38,1940-1949,65-69,0.03574,0.16451,2.59,63420,10434,291956,849987,13.40,USA
39,1940-1949,70-74,0.05554,0.24475,2.58,52986,12968,233487,558030,10.53,USA
40,1940-1949,75-79,0.08579,0.35299,2.49,40018,14126,164662,324543,8.11,USA
41,1940-1949,80-84,0.12688,0.47793,2.42,25892,12375,97529,159880,6.17,USA
42,1940-1949,85-89,0.19047,0.62686,2.27,13518,8474,44488,62352,4.61,USA
43,1940-1949,90-94,0.26150,0.73818,2.05,5044,3723,14239,17864,3.54,USA
44,1940-1949,95-99,0.35034,0.84177,1.91,1321,1112,3173,3625,2.75,USA
45,1940-1949,100-104,0.45400,0.91048,1.71,209,190,419,452,2.16,USA
46,1940-1949,105-109,0.56247,0.95094,1.52,19,18,32,33,1.77,USA
47,1940-1949,110+,0.64967,1.00000,1.54,1,1,1,1,1.54,USA
48,1950-1959,0,0.02952,0.02879,0.14,100000,2879,97526,6913037,69.13,USA
49,1950-1959,1-4,0.00121,0.00483,1.57,97121,469,387345,6815511,70.18,USA
50,1950-1959,5-9,0.00053,0.00265,2.31,96652,257,482573,6428166,66.51,USA
51,1950-1959,10-14,0.00050,0.00251,2.70,96396,242,481425,5945593,61.68,USA
52,1950-1959,15-19,0.00102,0.00508,2.73,96154,488,479663,5464169,56.83,USA
53,1950-1959,20-24,0.00137,0.00682,2.52,95666,652,476716,4984506,52.10,USA
54,1950-1959,25-29,0.00142,0.00710,2.54,95014,674,473411,4507790,47.44,USA
55,1950-1959,30-34,0.00175,0.00873,2.61,94340,824,469729,4034379,42.76,USA
56,1950-1959,35-39,0.00250,0.01243,2.67,93516,1162,464872,3564650,38.12,USA
57,1950-1959,40-44,0.00397,0.01966,2.67,92353,1815,457539,3099778,33.56,USA
58,1950-1959,45-49,0.00619,0.03050,2.67,90538,2761,446263,2642239,29.18,USA
59,1950-1959,50-54,0.00985,0.04814,2.66,87777,4226,428977,2195976,25.02,USA
60,1950-1959,55-59,0.01459,0.07048,2.62,83551,5889,403740,1766999,21.15,USA
61,1950-1959,60-64,0.02181,0.10368,2.62,77662,8052,369168,1363258,17.55,USA
62,1950-1959,65-69,0.03222,0.14944,2.58,69610,10403,322845,994090,14.28,USA
63,1950-1959,70-74,0.04829,0.21618,2.58,59207,12799,265063,671245,11.34,USA
64,1950-1959,75-79,0.07468,0.31507,2.52,46408,14622,195780,406182,8.75,USA
65,1950-1959,80-84,0.11361,0.44064,2.45,31786,14006,123284,210402,6.62,USA
66,1950-1959,85-89,0.17386,0.59125,2.29,17780,10512,60464,87118,4.90,USA
67,1950-1959,90-94,0.25017,0.72813,2.13,7268,5292,21152,26654,3.67,USA
68,1950-1959,95-99,0.34397,0.83720,1.93,1976,1654,4809,5502,2.78,USA
69,1950-1959,100-104,0.45576,0.91217,1.71,322,293,644,693,2.15,USA
70,1950-1959,105-109,0.57326,0.95432,1.51,28,27,47,49,1.73,USA
71,1950-1959,110+,0.66738,1.00000,1.50,1,1,2,2,1.50,USA
72,1960-1969,0,0.02465,0.02412,0.12,100000,2412,97885,7018861,70.19,USA
73,1960-1969,1-4,0.00098,0.00391,1.61,97588,381,389438,6920975,70.92,USA
74,1960-1969,5-9,0.00045,0.00224,2.31,97206,218,485446,6531537,67.19,USA
75,1960-1969,10-14,0.00042,0.00208,2.70,96988,202,484478,6046091,62.34,USA
76,1960-1969,15-19,0.00099,0.00495,2.82,96787,480,482886,5561613,57.46,USA
77,1960-1969,20-24,0.00131,0.00654,2.50,96307,629,479963,5078727,52.73,USA
78,1960-1969,25-29,0.00135,0.00673,2.54,95678,644,476801,4598763,48.07,USA
79,1960-1969,30-34,0.00166,0.00829,2.63,95033,788,473296,4121962,43.37,USA
80,1960-1969,35-39,0.00241,0.01198,2.66,94246,1129,468590,3648666,38.71,USA
81,1960-1969,40-44,0.00372,0.01842,2.67,93117,1715,461591,3180076,34.15,USA
82,1960-1969,45-49,0.00587,0.02894,2.67,91402,2645,450852,2718485,29.74,USA
83,1960-1969,50-54,0.00921,0.04506,2.64,88757,3999,434365,2267633,25.55,USA
84,1960-1969,55-59,0.01357,0.06573,2.64,84758,5571,410661,1833268,21.63,USA
85,1960-1969,60-64,0.02106,0.10028,2.62,79186,7941,377019,1422606,17.97,USA
86,1960-1969,65-69,0.03066,0.14267,2.57,71245,10165,331504,1045587,14.68,USA
87,1960-1969,70-74,0.04520,0.20373,2.58,61080,12444,275333,714083,11.69,USA
88,1960-1969,75-79,0.07011,0.29891,2.54,48636,14538,207365,438751,9.02,USA
89,1960-1969,80-84,0.10863,0.42605,2.47,34099,14528,133735,231386,6.79,USA
90,1960-1969,85-89,0.16870,0.58098,2.32,19571,11370,67400,97651,4.99,USA
91,1960-1969,90-94,0.24739,0.72466,2.14,8201,5943,24021,30251,3.69,USA
92,1960-1969,95-99,0.34697,0.84058,1.93,2258,1898,5470,6230,2.76,USA
93,1960-1969,100-104,0.46529,0.91725,1.70,360,330,710,760,2.11,USA
94,1960-1969,105-109,0.58906,0.95851,1.48,30,29,48,50,1.69,USA
95,1960-1969,110+,0.68727,1.00000,1.46,1,1,2,2,1.46,USA
96,1970-1979,0,0.01663,0.01639,0.12,100000,1639,98550,7223537,72.24,USA
97,1970-1979,1-4,0.00074,0.00297,1.65,98361,292,392758,7124987,72.44,USA
98,1970-1979,5-9,0.00037,0.00186,2.32,98069,183,489854,6732229,68.65,USA
99,1970-1979,10-14,0.00037,0.00184,2.76,97886,180,489025,6242376,63.77,USA
100,1970-1979,15-19,0.00104,0.00519,2.85,97705,507,487434,5753351,58.88,USA
101,1970-1979,20-24,0.00137,0.00685,2.50,97198,665,484323,5265917,54.18,USA
102,1970-1979,25-29,0.00134,0.00670,2.51,96532,646,481050,4781594,49.53,USA
103,1970-1979,30-34,0.00152,0.00759,2.60,95886,728,477687,4300544,44.85,USA
104,1970-1979,35-39,0.00215,0.01069,2.66,95158,1017,473407,3822857,40.17,USA
105,1970-1979,40-44,0.00333,0.01651,2.68,94141,1554,467105,3349450,35.58,USA
106,1970-1979,45-49,0.00525,0.02594,2.66,92587,2402,457312,2882345,31.13,USA
107,1970-1979,50-54,0.00801,0.03931,2.64,90185,3545,442561,2425033,26.89,USA
108,1970-1979,55-59,0.01216,0.05910,2.64,86639,5121,421121,1982472,22.88,USA
109,1970-1979,60-64,0.01836,0.08795,2.60,81519,7170,390413,1561351,19.15,USA
110,1970-1979,65-69,0.02653,0.12468,2.60,74349,9270,349468,1170939,15.75,USA
111,1970-1979,70-74,0.04073,0.18533,2.58,65079,12061,296149,821471,12.62,USA
112,1970-1979,75-79,0.06023,0.26205,2.52,53018,13893,230680,525323,9.91,USA
113,1970-1979,80-84,0.09333,0.37824,2.49,39124,14798,158550,294643,7.53,USA
114,1970-1979,85-89,0.14410,0.52283,2.38,24326,12719,88259,136093,5.59,USA
115,1970-1979,90-94,0.21601,0.67481,2.22,11608,7833,36262,47834,4.12,USA
116,1970-1979,95-99,0.30762,0.80216,2.02,3775,3028,9843,11572,3.07,USA
117,1970-1979,100-104,0.42137,0.89445,1.78,747,668,1585,1729,2.31,USA
118,1970-1979,105-109,0.54568,0.94721,1.55,79,75,137,143,1.82,USA
119,1970-1979,110+,0.64717,1.00000,1.55,4,4,6,6,1.55,USA
120,1980-1989,0,0.01109,0.01098,0.13,100000,1098,99040,7458875,74.59,USA
121,1980-1989,1-4,0.00055,0.00218,1.62,98902,216,395093,7359834,74.42,USA
122,1980-1989,5-9,0.00026,0.00131,2.38,98686,129,493092,6964741,70.57,USA
123,1980-1989,10-14,0.00028,0.00141,2.78,98557,139,492476,6471650,65.66,USA
124,1980-1989,15-19,0.00085,0.00425,2.85,98418,418,491190,5979173,60.75,USA
125,1980-1989,20-24,0.00114,0.00570,2.52,98000,559,488613,5487983,56.00,USA
126,1980-1989,25-29,0.00121,0.00603,2.53,97441,588,485754,4999370,51.31,USA
127,1980-1989,30-34,0.00141,0.00703,2.57,96853,681,482609,4513616,46.60,USA
128,1980-1989,35-39,0.00181,0.00899,2.61,96172,865,478793,4031006,41.91,USA
129,1980-1989,40-44,0.00258,0.01283,2.66,95307,1222,473671,3552213,37.27,USA
130,1980-1989,45-49,0.00406,0.02012,2.68,94085,1893,466026,3078543,32.72,USA
131,1980-1989,50-54,0.00653,0.03217,2.67,92192,2966,454037,2612517,28.34,USA
132,1980-1989,55-59,0.01022,0.04990,2.65,89226,4452,435677,2158480,24.19,USA
133,1980-1989,60-64,0.01568,0.07557,2.63,84773,6407,408669,1722803,20.32,USA
134,1980-1989,65-69,0.02327,0.11020,2.61,78367,8636,371187,1314134,16.77,USA
135,1980-1989,70-74,0.03521,0.16231,2.59,69731,11318,321422,942946,13.52,USA
136,1980-1989,75-79,0.05241,0.23230,2.56,58413,13569,258919,621525,10.64,USA
137,1980-1989,80-84,0.08292,0.34371,2.51,44844,15413,185885,362605,8.09,USA
138,1980-1989,85-89,0.12932,0.48463,2.42,29430,14263,110294,176721,6.00,USA
139,1980-1989,90-94,0.19886,0.64432,2.27,15167,9773,49142,66427,4.38,USA
140,1980-1989,95-99,0.29155,0.78469,2.06,5395,4233,14520,17285,3.20,USA
141,1980-1989,100-104,0.40832,0.88715,1.81,1162,1030,2524,2765,2.38,USA
142,1980-1989,105-109,0.53822,0.94537,1.57,131,124,230,241,1.84,USA
143,1980-1989,110+,0.64498,1.00000,1.55,7,7,11,11,1.55,USA
144,1990-1999,0,0.00826,0.00820,0.13,100000,820,99288,7601743,76.02,USA
145,1990-1999,1-4,0.00041,0.00164,1.62,99180,162,396333,7502454,75.65,USA
146,1990-1999,5-9,0.00019,0.00097,2.38,99017,96,494834,7106122,71.77,USA
147,1990-1999,10-14,0.00024,0.00120,2.87,98921,118,494353,6611287,66.83,USA
148,1990-1999,15-19,0.00080,0.00399,2.83,98803,394,493160,6116934,61.91,USA
149,1990-1999,20-24,0.00102,0.00511,2.49,98409,503,490784,5623774,57.15,USA
150,1990-1999,25-29,0.00110,0.00550,2.57,97906,538,488224,5132990,52.43,USA
151,1990-1999,30-34,0.00143,0.00710,2.61,97368,692,485183,4644766,47.70,USA
152,1990-1999,35-39,0.00189,0.00939,2.61,96676,908,481212,4159582,43.03,USA
153,1990-1999,40-44,0.00256,0.01272,2.62,95768,1219,475944,3678370,38.41,USA
154,1990-1999,45-49,0.00364,0.01805,2.64,94550,1707,468724,3202427,33.87,USA
155,1990-1999,50-54,0.00548,0.02708,2.67,92843,2514,458347,2733703,29.44,USA
156,1990-1999,55-59,0.00866,0.04243,2.66,90329,3832,442694,2275356,25.19,USA
157,1990-1999,60-64,0.01363,0.06604,2.64,86496,5712,419018,1832662,21.19,USA
158,1990-1999,65-69,0.02057,0.09806,2.63,80784,7922,385108,1413644,17.50,USA
159,1990-1999,70-74,0.03122,0.14520,2.60,72862,10580,338935,1028536,14.12,USA
160,1990-1999,75-79,0.04717,0.21165,2.58,62283,13182,279490,689601,11.07,USA
161,1990-1999,80-84,0.07730,0.32458,2.53,49100,15937,206181,410111,8.35,USA
162,1990-1999,85-89,0.12318,0.46823,2.44,33163,15528,126060,203930,6.15,USA
163,1990-1999,90-94,0.19548,0.63883,2.29,17635,11266,57632,77869,4.42,USA
164,1990-1999,95-99,0.29364,0.78802,2.06,6369,5019,17093,20238,3.18,USA
165,1990-1999,100-104,0.41770,0.89364,1.80,1350,1207,2889,3145,2.33,USA
166,1990-1999,105-109,0.55540,0.95084,1.54,144,137,246,256,1.79,USA
167,1990-1999,110+,0.66774,1.00000,1.50,7,7,11,11,1.50,USA
168,2000-2009,0,0.00698,0.00694,0.13,100000,694,99400,7757985,77.58,USA
169,2000-2009,1-4,0.00030,0.00121,1.60,99306,121,396936,7658585,77.12,USA
170,2000-2009,5-9,0.00014,0.00072,2.40,99186,71,495744,7261649,73.21,USA
171,2000-2009,10-14,0.00018,0.00088,2.81,99115,88,495381,6765905,68.26,USA
172,2000-2009,15-19,0.00062,0.00311,2.95,99027,308,494501,6270524,63.32,USA
173,2000-2009,20-24,0.00095,0.00475,2.52,98719,469,492431,5776023,58.51,USA
174,2000-2009,25-29,0.00098,0.00491,2.53,98249,482,490056,5283593,53.78,USA
175,2000-2009,30-34,0.00112,0.00560,2.59,97767,547,487517,4793537,49.03,USA
176,2000-2009,35-39,0.00154,0.00765,2.65,97220,744,484351,4306020,44.29,USA
177,2000-2009,40-44,0.00232,0.01154,2.67,96476,1113,479783,3821670,39.61,USA
178,2000-2009,45-49,0.00350,0.01736,2.65,95363,1656,472928,3341887,35.04,USA
179,2000-2009,50-54,0.00511,0.02526,2.63,93707,2367,462929,2868959,30.62,USA
180,2000-2009,55-59,0.00743,0.03651,2.64,91340,3335,448837,2406030,26.34,USA
181,2000-2009,60-64,0.01129,0.05500,2.65,88005,4840,428645,1957193,22.24,USA
182,2000-2009,65-69,0.01707,0.08203,2.63,83165,6822,399673,1528548,18.38,USA
183,2000-2009,70-74,0.02641,0.12428,2.63,76343,9488,359186,1128875,14.79,USA
184,2000-2009,75-79,0.04166,0.18938,2.60,66856,12661,303909,769689,11.51,USA
185,2000-2009,80-84,0.07073,0.30167,2.56,54195,16349,231144,465780,8.59,USA
186,2000-2009,85-89,0.11907,0.45764,2.47,37846,17320,145459,234636,6.20,USA
187,2000-2009,90-94,0.19798,0.64492,2.30,20526,13238,66862,89177,4.34,USA
188,2000-2009,95-99,0.30576,0.80297,2.04,7288,5852,19140,22315,3.06,USA
189,2000-2009,100-104,0.44161,0.90788,1.76,1436,1304,2952,3175,2.21,USA
190,2000-2009,105-109,0.58931,0.95983,1.49,132,127,215,223,1.69,USA
191,2000-2009,110+,0.70678,1.00000,1.41,5,5,8,8,1.41,USA
192,2010-2019,0,0.00588,0.00585,0.14,100000,585,99495,7880811,78.81,USA
193,2010-2019,1-4,0.00025,0.00100,1.61,99415,100,397421,7781315,78.27,USA
194,2010-2019,5-9,0.00012,0.00058,2.41,99315,58,496426,7383894,74.35,USA
195,2010-2019,10-14,0.00015,0.00073,2.82,99257,72,496129,6887469,69.39,USA
196,2010-2019,15-19,0.00048,0.00241,2.98,99185,239,495443,6391340,64.44,USA
197,2010-2019,20-24,0.00089,0.00442,2.60,98946,438,493684,5895897,59.59,USA
198,2010-2019,25-29,0.00107,0.00533,2.56,98509,525,491264,5402213,54.84,USA
199,2010-2019,30-34,0.00127,0.00633,2.57,97983,621,488411,4910949,50.12,USA
200,2010-2019,35-39,0.00157,0.00780,2.59,97363,759,484984,4422539,45.42,USA
201,2010-2019,40-44,0.00208,0.01035,2.63,96604,1000,480650,3937554,40.76,USA
202,2010-2019,45-49,0.00315,0.01563,2.67,95603,1494,474535,3456904,36.16,USA
203,2010-2019,50-54,0.00489,0.02416,2.66,94109,2273,465220,2982369,31.69,USA
204,2010-2019,55-59,0.00728,0.03578,2.63,91836,3286,451397,2517149,27.41,USA
205,2010-2019,60-64,0.01038,0.05065,2.62,88550,4485,432075,2065752,23.33,USA
206,2010-2019,65-69,0.01483,0.07163,2.62,84065,6021,406020,1633677,19.43,USA
207,2010-2019,70-74,0.02261,0.10730,2.63,78044,8374,370388,1227657,15.73,USA
208,2010-2019,75-79,0.03590,0.16535,2.62,69670,11520,320915,857269,12.30,USA
209,2010-2019,80-84,0.06068,0.26482,2.60,58150,15399,253780,536354,9.22,USA
210,2010-2019,85-89,0.10631,0.42045,2.51,42751,17975,169085,282574,6.61,USA
211,2010-2019,90-94,0.18340,0.61605,2.34,24776,15263,83222,113489,4.58,USA
212,2010-2019,95-99,0.29159,0.78762,2.08,9513,7492,25695,30267,3.18,USA
213,2010-2019,100-104,0.43041,0.90242,1.78,2020,1823,4236,4571,2.26,USA
214,2010-2019,105-109,0.58321,0.95871,1.50,197,189,324,336,1.70,USA
215,2010-2019,110+,0.70530,1.00000,1.42,8,8,12,12,1.42,USA
216,2020-2021,0,0.00543,0.00540,0.14,100000,540,99535,7673732,76.74,USA
217,2020-2021,1-4,0.00024,0.00096,1.61,99460,96,397611,7574197,76.15,USA
218,2020-2021,5-9,0.00011,0.00057,2.38,99364,57,496674,7176586,72.22,USA
219,2020-2021,10-14,0.00016,0.00081,2.89,99308,80,496370,6679912,67.26,USA
220,2020-2021,15-19,0.00060,0.00298,3.00,99227,296,495546,6183543,62.32,USA
221,2020-2021,20-24,0.00113,0.00561,2.63,98931,555,493338,5687997,57.49,USA
222,2020-2021,25-29,0.00150,0.00745,2.61,98376,733,490125,5194659,52.80,USA
223,2020-2021,30-34,0.00192,0.00953,2.58,97643,931,485956,4704534,48.18,USA
224,2020-2021,35-39,0.00235,0.01169,2.59,96712,1131,480831,4218578,43.62,USA
225,2020-2021,40-44,0.00300,0.01491,2.59,95581,1425,474465,3737746,39.11,USA
226,2020-2021,45-49,0.00405,0.02004,2.63,94156,1887,466314,3263281,34.66,USA
227,2020-2021,50-54,0.00589,0.02903,2.64,92269,2678,455017,2796967,30.31,USA
228,2020-2021,55-59,0.00874,0.04280,2.63,89591,3835,438883,2341950,26.14,USA
229,2020-2021,60-64,0.01276,0.06193,2.61,85756,5311,416107,1903066,22.19,USA
230,2020-2021,65-69,0.01759,0.08439,2.59,80445,6789,385880,1486960,18.48,USA
231,2020-2021,70-74,0.02562,0.12075,2.62,73657,8894,347086,1101079,14.95,USA
232,2020-2021,75-79,0.04118,0.18751,2.62,64763,12143,294866,753994,11.64,USA
233,2020-2021,80-84,0.06765,0.29053,2.57,52619,15287,225970,459127,8.73,USA
234,2020-2021,85-89,0.11747,0.45330,2.48,37332,16923,144063,233157,6.25,USA
235,2020-2021,90-94,0.19555,0.64077,2.31,20409,13078,66877,89094,4.37,USA
236,2020-2021,95-99,0.30913,0.80715,2.04,7332,5918,19143,22217,3.03,USA
237,2020-2021,100-104,0.44962,0.91232,1.74,1414,1290,2869,3074,2.17,USA
238,2020-2021,105-109,0.60134,0.96265,1.47,124,119,198,205,1.65,USA
239,2020-2021,110+,0.72083,1.00000,1.39,5,5,6,6,1.39,USA
0,1921-1929,0,0.05800,0.05556,0.24,100000,5556,95787,6254737,62.55,AUS
1,1921-1929,1-4,0.00513,0.02024,1.37,94444,1912,372742,6158951,65.21,AUS
2,1921-1929,5-9,0.00160,0.00795,2.28,92533,735,460660,5786209,62.53,AUS
3,1921-1929,10-14,0.00127,0.00634,2.58,91797,582,457580,5325548,58.01,AUS
4,1921-1929,15-19,0.00198,0.00984,2.74,91215,898,454043,4867968,53.37,AUS
5,1921-1929,20-24,0.00286,0.01421,2.60,90318,1284,448511,4413925,48.87,AUS
6,1921-1929,25-29,0.00335,0.01660,2.55,89034,1478,441548,3965414,44.54,AUS
7,1921-1929,30-34,0.00380,0.01882,2.57,87555,1648,433770,3523867,40.25,AUS
8,1921-1929,35-39,0.00482,0.02384,2.59,85908,2048,424594,3090097,35.97,AUS
9,1921-1929,40-44,0.00592,0.02917,2.57,83859,2447,413352,2665503,31.79,AUS
10,1921-1929,45-49,0.00812,0.03982,2.58,81413,3242,399229,2252151,27.66,AUS
11,1921-1929,50-54,0.01112,0.05417,2.60,78171,4235,380694,1852922,23.70,AUS
12,1921-1929,55-59,0.01559,0.07518,2.63,73936,5558,356497,1472228,19.91,AUS
13,1921-1929,60-64,0.02380,0.11266,2.63,68378,7703,323645,1115731,16.32,AUS
14,1921-1929,65-69,0.03650,0.16750,2.55,60675,10163,278444,792086,13.05,AUS
15,1921-1929,70-74,0.05691,0.25034,2.60,50512,12645,222206,513642,10.17,AUS
16,1921-1929,75-79,0.09287,0.37589,2.47,37867,14234,153264,291435,7.70,AUS
17,1921-1929,80-84,0.13497,0.50085,2.43,23633,11837,87699,138171,5.85,AUS
18,1921-1929,85-89,0.21104,0.66168,2.18,11796,7805,36985,50472,4.28,AUS
19,1921-1929,90-94,0.27277,0.75455,2.04,3991,3011,11040,13487,3.38,AUS
20,1921-1929,95-99,0.38828,0.87224,1.84,980,854,2201,2447,2.50,AUS
21,1921-1929,100-104,0.50184,0.93180,1.63,125,117,232,246,1.97,AUS
22,1921-1929,105-109,0.61527,0.96368,1.44,9,8,13,14,1.62,AUS
23,1921-1929,110+,0.70293,1.00000,1.42,0,0,0,0,1.42,AUS
24,1930-1939,0,0.04224,0.04083,0.19,100000,4083,96675,6533680,65.34,AUS
25,1930-1939,1-4,0.00377,0.01494,1.47,95917,1433,380041,6437005,67.11,AUS
26,1930-1939,5-9,0.00135,0.00674,2.25,94484,637,470666,6056964,64.11,AUS
27,1930-1939,10-14,0.00105,0.00523,2.59,93847,491,468049,5586298,59.53,AUS
28,1930-1939,15-19,0.00159,0.00792,2.74,93356,740,465104,5118249,54.83,AUS
29,1930-1939,20-24,0.00223,0.01111,2.57,92616,1029,460583,4653145,50.24,AUS
30,1930-1939,25-29,0.00259,0.01287,2.55,91587,1179,455051,4192562,45.78,AUS
31,1930-1939,30-34,0.00292,0.01449,2.58,90408,1310,448869,3737511,41.34,AUS
32,1930-1939,35-39,0.00380,0.01883,2.60,89098,1677,441470,3288642,36.91,AUS
33,1930-1939,40-44,0.00480,0.02371,2.60,87421,2072,432131,2847172,32.57,AUS
34,1930-1939,45-49,0.00691,0.03399,2.64,85348,2901,419883,2415040,28.30,AUS
35,1930-1939,50-54,0.01005,0.04909,2.66,82447,4047,402754,1995158,24.20,AUS
36,1930-1939,55-59,0.01464,0.07078,2.65,78400,5549,378937,1592404,20.31,AUS
37,1930-1939,60-64,0.02227,0.10584,2.66,72851,7711,346174,1213467,16.66,AUS
38,1930-1939,65-69,0.03498,0.16130,2.59,65140,10507,300372,867293,13.31,AUS
39,1930-1939,70-74,0.05479,0.24228,2.61,54633,13236,241572,566921,10.38,AUS
40,1930-1939,75-79,0.08959,0.36569,2.49,41396,15138,168982,325350,7.86,AUS
41,1930-1939,80-84,0.13149,0.49302,2.46,26258,12946,98457,156368,5.96,AUS
42,1930-1939,85-89,0.20474,0.65296,2.23,13312,8692,42456,57912,4.35,AUS
43,1930-1939,90-94,0.27471,0.76069,2.07,4620,3514,12793,15456,3.35,AUS
44,1930-1939,95-99,0.40339,0.88350,1.82,1106,977,2421,2663,2.41,AUS
45,1930-1939,100-104,0.52766,0.94160,1.59,129,121,230,241,1.87,AUS
46,1930-1939,105-109,0.64881,0.97024,1.39,8,7,11,12,1.54,AUS
47,1930-1939,110+,0.73967,1.00000,1.35,0,0,0,0,1.35,AUS
48,1940-1949,0,0.03339,0.03247,0.15,100000,3247,97254,6753951,67.54,AUS
49,1940-1949,1-4,0.00235,0.00934,1.52,96753,904,384770,6656697,68.80,AUS
50,1940-1949,5-9,0.00098,0.00490,2.28,95849,470,477963,6271927,65.44,AUS
51,1940-1949,10-14,0.00081,0.00404,2.55,95379,386,475948,5793964,60.75,AUS
52,1940-1949,15-19,0.00117,0.00582,2.64,94993,552,473662,5318015,55.98,AUS
53,1940-1949,20-24,0.00145,0.00723,2.58,94441,683,470550,4844353,51.30,AUS
54,1940-1949,25-29,0.00168,0.00837,2.58,93758,785,466892,4373803,46.65,AUS
55,1940-1949,30-34,0.00201,0.01002,2.59,92973,931,462620,3906911,42.02,AUS
56,1940-1949,35-39,0.00273,0.01358,2.63,92041,1250,457248,3444291,37.42,AUS
57,1940-1949,40-44,0.00391,0.01938,2.66,90791,1760,449832,2987043,32.90,AUS
58,1940-1949,45-49,0.00614,0.03026,2.68,89031,2694,438903,2537211,28.50,AUS
59,1940-1949,50-54,0.00946,0.04629,2.68,86337,3997,422421,2098309,24.30,AUS
60,1940-1949,55-59,0.01424,0.06890,2.67,82341,5673,398486,1675888,20.35,AUS
61,1940-1949,60-64,0.02239,0.10638,2.66,76667,8156,364260,1277402,16.66,AUS
62,1940-1949,65-69,0.03491,0.16106,2.60,68512,11035,316079,913142,13.33,AUS
63,1940-1949,70-74,0.05487,0.24244,2.60,57477,13934,253974,597063,10.39,AUS
64,1940-1949,75-79,0.08816,0.36132,2.50,43543,15733,178455,343089,7.88,AUS
65,1940-1949,80-84,0.13117,0.49185,2.46,27810,13678,104277,164635,5.92,AUS
66,1940-1949,85-89,0.20762,0.65810,2.22,14131,9300,44793,60358,4.27,AUS
67,1940-1949,90-94,0.28745,0.77950,2.06,4832,3766,13102,15565,3.22,AUS
68,1940-1949,95-99,0.42155,0.89521,1.79,1065,954,2262,2463,2.31,AUS
69,1940-1949,100-104,0.55212,0.94944,1.54,112,106,192,200,1.79,AUS
70,1940-1949,105-109,0.67749,0.97491,1.35,6,6,8,8,1.47,AUS
71,1940-1949,110+,0.77043,1.00000,1.30,0,0,0,0,1.30,AUS
72,1950-1959,0,0.02316,0.02269,0.12,100000,2269,97999,6984535,69.85,AUS
73,1950-1959,1-4,0.00144,0.00576,1.52,97731,562,389529,6886536,70.46,AUS
74,1950-1959,5-9,0.00056,0.00280,2.31,97168,272,485109,6497007,66.86,AUS
75,1950-1959,10-14,0.00050,0.00249,2.61,96896,242,483901,6011898,62.04,AUS
76,1950-1959,15-19,0.00103,0.00513,2.80,96654,496,482182,5527997,57.19,AUS
77,1950-1959,20-24,0.00133,0.00660,2.47,96159,635,479188,5045815,52.47,AUS
78,1950-1959,25-29,0.00128,0.00636,2.51,95524,608,476106,4566627,47.81,AUS
79,1950-1959,30-34,0.00151,0.00754,2.60,94916,716,472863,4090521,43.10,AUS
80,1950-1959,35-39,0.00210,0.01043,2.68,94200,982,468716,3617658,38.40,AUS
81,1950-1959,40-44,0.00316,0.01567,2.65,93218,1461,462649,3148942,33.78,AUS
82,1950-1959,45-49,0.00522,0.02579,2.71,91757,2366,453354,2686294,29.28,AUS
83,1950-1959,50-54,0.00844,0.04140,2.69,89391,3701,438407,2232939,24.98,AUS
84,1950-1959,55-59,0.01318,0.06393,2.69,85690,5479,415774,1794532,20.94,AUS
85,1950-1959,60-64,0.02061,0.09834,2.68,80211,7888,382757,1378759,17.19,AUS
86,1950-1959,65-69,0.03263,0.15133,2.61,72323,10945,335447,996002,13.77,AUS
87,1950-1959,70-74,0.05164,0.22999,2.63,61378,14116,273374,660555,10.76,AUS
88,1950-1959,75-79,0.08253,0.34245,2.52,47262,16185,196116,387181,8.19,AUS
89,1950-1959,80-84,0.12343,0.47076,2.48,31077,14630,118531,191065,6.15,AUS
90,1950-1959,85-89,0.19865,0.64266,2.25,16447,10570,53208,72534,4.41,AUS
91,1950-1959,90-94,0.28048,0.77206,2.09,5877,4538,16178,19326,3.29,AUS
92,1950-1959,95-99,0.41386,0.89096,1.80,1340,1194,2884,3148,2.35,AUS
93,1950-1959,100-104,0.54751,0.94833,1.55,146,139,253,264,1.81,AUS
94,1950-1959,105-109,0.67640,0.97486,1.35,8,7,11,11,1.47,AUS
95,1950-1959,110+,0.77178,1.00000,1.30,0,0,0,0,1.30,AUS
96,1960-1969,0,0.01929,0.01897,0.11,100000,1897,98311,7086143,70.86,AUS
97,1960-1969,1-4,0.00098,0.00391,1.57,98103,384,391482,6987832,71.23,AUS
98,1960-1969,5-9,0.00042,0.00212,2.32,97720,207,488041,6596350,67.50,AUS
99,1960-1969,10-14,0.00039,0.00192,2.68,97512,188,487126,6108309,62.64,AUS
100,1960-1969,15-19,0.00093,0.00466,2.91,97325,453,485675,5621182,57.76,AUS
101,1960-1969,20-24,0.00116,0.00578,2.42,96871,560,482909,5135508,53.01,AUS
102,1960-1969,25-29,0.00109,0.00545,2.56,96311,525,480275,4652599,48.31,AUS
103,1960-1969,30-34,0.00132,0.00659,2.65,95786,631,477444,4172324,43.56,AUS
104,1960-1969,35-39,0.00194,0.00966,2.68,95155,919,473639,3694880,38.83,AUS
105,1960-1969,40-44,0.00306,0.01517,2.67,94236,1430,467854,3221241,34.18,AUS
106,1960-1969,45-49,0.00498,0.02464,2.71,92806,2287,458795,2753387,29.67,AUS
107,1960-1969,50-54,0.00809,0.03971,2.71,90520,3594,444367,2294592,25.35,AUS
108,1960-1969,55-59,0.01285,0.06240,2.69,86926,5424,422096,1850225,21.29,AUS
109,1960-1969,60-64,0.02047,0.09766,2.66,81502,7959,388849,1428128,17.52,AUS
110,1960-1969,65-69,0.03151,0.14654,2.61,73542,10777,341982,1039279,14.13,AUS
111,1960-1969,70-74,0.04931,0.22071,2.62,62765,13853,280916,697297,11.11,AUS
112,1960-1969,75-79,0.07822,0.32764,2.52,48912,16025,204884,416382,8.51,AUS
113,1960-1969,80-84,0.11664,0.45074,2.48,32887,14824,127087,211498,6.43,AUS
114,1960-1969,85-89,0.18313,0.61149,2.28,18063,11045,60315,84411,4.67,AUS
115,1960-1969,90-94,0.26767,0.75636,2.13,7018,5308,19831,24096,3.43,AUS
116,1960-1969,95-99,0.38768,0.87357,1.86,1710,1494,3853,4265,2.49,AUS
117,1960-1969,100-104,0.51768,0.93879,1.61,216,203,392,412,1.91,AUS
118,1960-1969,105-109,0.64722,0.97034,1.39,13,13,20,20,1.54,AUS
119,1960-1969,110+,0.74566,1.00000,1.34,0,0,1,1,1.34,AUS
120,1970-1979,0,0.01508,0.01488,0.12,100000,1488,98688,7249458,72.49,AUS
121,1970-1979,1-4,0.00076,0.00305,1.62,98512,300,393333,7150770,72.59,AUS
122,1970-1979,5-9,0.00034,0.00169,2.31,98212,166,490612,6757437,68.80,AUS
123,1970-1979,10-14,0.00032,0.00159,2.71,98046,156,489871,6266824,63.92,AUS
124,1970-1979,15-19,0.00103,0.00512,2.95,97890,501,488422,5776953,59.01,AUS
125,1970-1979,20-24,0.00116,0.00580,2.38,97389,565,485463,5288531,54.30,AUS
126,1970-1979,25-29,0.00096,0.00478,2.50,96824,463,482961,4803068,49.61,AUS
127,1970-1979,30-34,0.00110,0.00550,2.61,96361,530,480536,4320106,44.83,AUS
128,1970-1979,35-39,0.00165,0.00821,2.70,95831,786,477341,3839570,40.07,AUS
129,1970-1979,40-44,0.00264,0.01313,2.74,95044,1248,472397,3362229,35.38,AUS
130,1970-1979,45-49,0.00452,0.02239,2.71,93796,2100,464167,2889832,30.81,AUS
131,1970-1979,50-54,0.00721,0.03546,2.68,91696,3252,450947,2425665,26.45,AUS
132,1970-1979,55-59,0.01142,0.05562,2.68,88444,4919,430815,1974718,22.33,AUS
133,1970-1979,60-64,0.01798,0.08629,2.66,83525,7207,400749,1543903,18.48,AUS
134,1970-1979,65-69,0.02797,0.13115,2.63,76318,10009,357892,1143155,14.98,AUS
135,1970-1979,70-74,0.04371,0.19793,2.61,66309,13125,300239,785263,11.84,AUS
136,1970-1979,75-79,0.06917,0.29556,2.54,53184,15719,227250,485024,9.12,AUS
137,1970-1979,80-84,0.10600,0.41878,2.50,37465,15690,148024,257774,6.88,AUS
138,1970-1979,85-89,0.16656,0.57619,2.33,21775,12547,75327,109750,5.04,AUS
139,1970-1979,90-94,0.24204,0.71882,2.18,9229,6634,27408,34422,3.73,AUS
140,1970-1979,95-99,0.35453,0.84781,1.92,2595,2200,6205,7015,2.70,AUS
141,1970-1979,100-104,0.48006,0.92436,1.67,395,365,760,809,2.05,AUS
142,1970-1979,105-109,0.61049,0.96354,1.45,30,29,47,49,1.63,AUS
143,1970-1979,110+,0.71282,1.00000,1.40,1,1,2,2,1.40,AUS
144,1980-1989,0,0.00951,0.00943,0.13,100000,943,99179,7553703,75.54,AUS
145,1980-1989,1-4,0.00049,0.00197,1.63,99057,196,395763,7454524,75.26,AUS
146,1980-1989,5-9,0.00023,0.00115,2.34,98861,114,494004,7058761,71.40,AUS
147,1980-1989,10-14,0.00024,0.00119,2.69,98748,118,493466,6564757,66.48,AUS
148,1980-1989,15-19,0.00077,0.00385,2.98,98630,379,492381,6071291,61.56,AUS
149,1980-1989,20-24,0.00102,0.00508,2.45,98251,499,489981,5578910,56.78,AUS
150,1980-1989,25-29,0.00093,0.00462,2.49,97752,452,487624,5088928,52.06,AUS
151,1980-1989,30-34,0.00094,0.00468,2.57,97300,455,485390,4601305,47.29,AUS
152,1980-1989,35-39,0.00119,0.00591,2.65,96844,573,482879,4115914,42.50,AUS
153,1980-1989,40-44,0.00185,0.00923,2.71,96272,889,479325,3633036,37.74,AUS
154,1980-1989,45-49,0.00310,0.01541,2.69,95383,1470,473525,3153711,33.06,AUS
155,1980-1989,50-54,0.00531,0.02622,2.70,93913,2463,463891,2680186,28.54,AUS
156,1980-1989,55-59,0.00872,0.04274,2.69,91450,3908,448239,2216295,24.23,AUS
157,1980-1989,60-64,0.01380,0.06686,2.67,87542,5853,424077,1768056,20.20,AUS
158,1980-1989,65-69,0.02198,0.10448,2.65,81689,8535,388393,1343979,16.45,AUS
159,1980-1989,70-74,0.03523,0.16254,2.62,73154,11891,337528,955586,13.06,AUS
160,1980-1989,75-79,0.05649,0.24854,2.59,61264,15226,269554,618058,10.09,AUS
161,1980-1989,80-84,0.09077,0.37056,2.52,46037,17059,187944,348504,7.57,AUS
162,1980-1989,85-89,0.14391,0.52277,2.38,28978,15149,105267,160560,5.54,AUS
163,1980-1989,90-94,0.22192,0.68758,2.23,13829,9509,42846,55293,4.00,AUS
164,1980-1989,95-99,0.32914,0.82578,1.98,4320,3568,10840,12447,2.88,AUS
165,1980-1989,100-104,0.45902,0.91560,1.72,753,689,1501,1607,2.14,AUS
166,1980-1989,105-109,0.59708,0.96106,1.47,64,61,102,106,1.66,AUS
167,1980-1989,110+,0.70607,1.00000,1.42,2,2,4,4,1.42,AUS
168,1990-1999,0,0.00616,0.00613,0.14,100000,613,99471,7816279,78.16,AUS
169,1990-1999,1-4,0.00036,0.00142,1.61,99387,142,397208,7716808,77.64,AUS
170,1990-1999,5-9,0.00015,0.00077,2.41,99245,77,496027,7319600,73.75,AUS
171,1990-1999,10-14,0.00018,0.00088,2.81,99169,88,495651,6823572,68.81,AUS
172,1990-1999,15-19,0.00058,0.00291,2.94,99081,288,494811,6327921,63.87,AUS
173,1990-1999,20-24,0.00083,0.00412,2.50,98793,407,492946,5833110,59.04,AUS
174,1990-1999,25-29,0.00086,0.00428,2.51,98386,421,490882,5340164,54.28,AUS
175,1990-1999,30-34,0.00096,0.00480,2.54,97965,470,488665,4849282,49.50,AUS
176,1990-1999,35-39,0.00114,0.00566,2.57,97495,552,486134,4360617,44.73,AUS
177,1990-1999,40-44,0.00152,0.00759,2.64,96942,736,482975,3874483,39.97,AUS
178,1990-1999,45-49,0.00227,0.01131,2.67,96207,1088,478505,3391508,35.25,AUS
179,1990-1999,50-54,0.00372,0.01846,2.68,95119,1756,471520,2913003,30.62,AUS
180,1990-1999,55-59,0.00617,0.03044,2.70,93363,2842,460290,2441483,26.15,AUS
181,1990-1999,60-64,0.01039,0.05075,2.68,90521,4594,441956,1981193,21.89,AUS
182,1990-1999,65-69,0.01713,0.08234,2.66,85927,7075,413099,1539237,17.91,AUS
183,1990-1999,70-74,0.02782,0.13053,2.64,78852,10292,369955,1126139,14.28,AUS
184,1990-1999,75-79,0.04586,0.20677,2.62,68559,14176,309090,756184,11.03,AUS
185,1990-1999,80-84,0.07711,0.32438,2.55,54383,17641,228765,447093,8.22,AUS
186,1990-1999,85-89,0.12803,0.48216,2.44,36742,17716,138367,218328,5.94,AUS
187,1990-1999,90-94,0.20688,0.66057,2.26,19027,12568,60754,79961,4.20,AUS
188,1990-1999,95-99,0.31637,0.81417,2.02,6458,5258,16620,19207,2.97,AUS
189,1990-1999,100-104,0.45384,0.91405,1.73,1200,1097,2417,2587,2.16,AUS
190,1990-1999,105-109,0.60225,0.96269,1.47,103,99,165,170,1.65,AUS
191,1990-1999,110+,0.71926,1.00000,1.39,4,4,5,5,1.39,AUS
192,2000-2009,0,0.00472,0.00470,0.14,100000,470,99595,8079298,80.79,AUS
193,2000-2009,1-4,0.00024,0.00095,1.60,99530,94,397892,7979702,80.17,AUS
194,2000-2009,5-9,0.00011,0.00055,2.36,99435,55,497032,7581810,76.25,AUS
195,2000-2009,10-14,0.00012,0.00059,2.76,99380,59,496771,7084779,71.29,AUS
196,2000-2009,15-19,0.00042,0.00208,2.93,99322,206,496181,6588008,66.33,AUS
197,2000-2009,20-24,0.00058,0.00291,2.52,99115,288,494864,6091827,61.46,AUS
198,2000-2009,25-29,0.00066,0.00331,2.55,98827,327,493336,5596963,56.63,AUS
199,2000-2009,30-34,0.00077,0.00387,2.56,98500,381,491570,5103627,51.81,AUS
200,2000-2009,35-39,0.00097,0.00484,2.62,98119,474,489465,4612057,47.00,AUS
201,2000-2009,40-44,0.00134,0.00668,2.64,97645,652,486685,4122592,42.22,AUS
202,2000-2009,45-49,0.00199,0.00990,2.65,96993,960,482704,3635906,37.49,AUS
203,2000-2009,50-54,0.00293,0.01457,2.66,96033,1400,476891,3153202,32.83,AUS
204,2000-2009,55-59,0.00458,0.02267,2.68,94633,2145,468194,2676311,28.28,AUS
205,2000-2009,60-64,0.00739,0.03634,2.67,92488,3361,454616,2208117,23.87,AUS
206,2000-2009,65-69,0.01210,0.05884,2.67,89127,5245,433435,1753501,19.67,AUS
207,2000-2009,70-74,0.02032,0.09704,2.68,83882,8140,400503,1320066,15.74,AUS
208,2000-2009,75-79,0.03507,0.16201,2.66,75743,12271,349938,919563,12.14,AUS
209,2000-2009,80-84,0.06262,0.27235,2.61,63471,17286,276049,569625,8.97,AUS
210,2000-2009,85-89,0.11224,0.43838,2.50,46185,20247,180383,293576,6.36,AUS
211,2000-2009,90-94,0.19465,0.63931,2.32,25938,16583,85194,113193,4.36,AUS
212,2000-2009,95-99,0.31275,0.81233,2.04,9356,7600,24300,27999,2.99,AUS
213,2000-2009,100-104,0.46471,0.92047,1.72,1756,1616,3478,3699,2.11,AUS
214,2000-2009,105-109,0.62719,0.96815,1.43,140,135,216,221,1.59,AUS
215,2000-2009,110+,0.75165,1.00000,1.33,4,4,6,6,1.33,AUS
216,2010-2019,0,0.00342,0.00341,0.14,100000,341,99707,8263330,82.63,AUS
217,2010-2019,1-4,0.00016,0.00064,1.58,99659,63,398481,8163623,81.92,AUS
218,2010-2019,5-9,0.00008,0.00041,2.43,99595,41,497871,7765142,77.97,AUS
219,2010-2019,10-14,0.00009,0.00047,2.90,99554,46,497674,7267271,73.00,AUS
220,2010-2019,15-19,0.00031,0.00155,2.89,99508,154,497214,6769597,68.03,AUS
221,2010-2019,20-24,0.00043,0.00213,2.51,99354,211,496241,6272382,63.13,AUS
222,2010-2019,25-29,0.00048,0.00240,2.55,99142,238,495129,5776141,58.26,AUS
223,2010-2019,30-34,0.00062,0.00309,2.62,98904,306,493794,5281012,53.40,AUS
224,2010-2019,35-39,0.00086,0.00430,2.63,98598,424,491987,4787218,48.55,AUS
225,2010-2019,40-44,0.00122,0.00611,2.64,98174,600,489457,4295231,43.75,AUS
226,2010-2019,45-49,0.00182,0.00904,2.67,97575,882,485818,3805774,39.00,AUS
227,2010-2019,50-54,0.00270,0.01340,2.66,96692,1296,480431,3319956,34.34,AUS
228,2010-2019,55-59,0.00406,0.02012,2.64,95397,1919,472462,2839525,29.77,AUS
229,2010-2019,60-64,0.00617,0.03042,2.65,93477,2844,460708,2367063,25.32,AUS
230,2010-2019,65-69,0.00957,0.04682,2.67,90634,4243,443277,1906355,21.03,AUS
231,2010-2019,70-74,0.01592,0.07679,2.68,86390,6634,416589,1463078,16.94,AUS
232,2010-2019,75-79,0.02773,0.13027,2.68,79757,10390,374633,1046489,13.12,AUS
233,2010-2019,80-84,0.05174,0.23072,2.66,69367,16004,309325,671857,9.69,AUS
234,2010-2019,85-89,0.09821,0.39603,2.56,53363,21133,215177,362532,6.79,AUS
235,2010-2019,90-94,0.18073,0.61204,2.36,32229,19726,109146,147355,4.57,AUS
236,2010-2019,95-99,0.30414,0.80453,2.07,12504,10060,33076,38209,3.06,AUS
237,2010-2019,100-104,0.46596,0.92205,1.72,2444,2254,4836,5133,2.10,AUS
238,2010-2019,105-109,0.63945,0.97070,1.41,191,185,289,296,1.56,AUS
239,2010-2019,110+,0.77006,1.00000,1.30,6,6,7,7,1.30,AUS
0,1947-1949,0,0.07260,0.06906,0.29,100000,6906,95121,5544936,55.45,JPN
1,1947-1949,1-4,0.01270,0.04920,1.43,93094,4580,360598,5449815,58.54,JPN
2,1947-1949,5-9,0.00264,0.01310,2.07,88514,1159,439178,5089217,57.50,JPN
3,1947-1949,10-14,0.00160,0.00798,2.56,87355,697,435077,4650039,53.23,JPN
4,1947-1949,15-19,0.00370,0.01835,2.90,86658,1590,429946,4214963,48.64,JPN
5,1947-1949,20-24,0.00698,0.03431,2.59,85068,2918,418292,3785017,44.49,JPN
6,1947-1949,25-29,0.00716,0.03516,2.45,82149,2889,403381,3366725,40.98,JPN
7,1947-1949,30-34,0.00678,0.03331,2.49,79261,2640,389669,2963344,37.39,JPN
8,1947-1949,35-39,0.00703,0.03455,2.52,76621,2647,376540,2573675,33.59,JPN
9,1947-1949,40-44,0.00795,0.03897,2.55,73973,2883,362806,2197134,29.70,JPN
10,1947-1949,45-49,0.00975,0.04761,2.59,71091,3385,347302,1834328,25.80,JPN
11,1947-1949,50-54,0.01357,0.06572,2.61,67706,4450,327900,1487026,21.96,JPN
12,1947-1949,55-59,0.01947,0.09306,2.63,63256,5886,302331,1159126,18.32,JPN
13,1947-1949,60-64,0.02983,0.13923,2.61,57370,7988,267779,856795,14.93,JPN
14,1947-1949,65-69,0.04491,0.20253,2.58,49382,10001,222668,589016,11.93,JPN
15,1947-1949,70-74,0.06782,0.29041,2.53,39381,11436,168636,366348,9.30,JPN
16,1947-1949,75-79,0.10247,0.40750,2.49,27944,11387,111129,197712,7.08,JPN
17,1947-1949,80-84,0.15821,0.55679,2.34,16557,9219,58268,86583,5.23,JPN
18,1947-1949,85-89,0.23454,0.70684,2.19,7338,5187,22116,28315,3.86,JPN
19,1947-1949,90-94,0.33018,0.82366,1.96,2151,1772,5367,6199,2.88,JPN
20,1947-1949,95-99,0.44641,0.90792,1.73,379,344,772,833,2.19,JPN
21,1947-1949,100-104,0.56843,0.95333,1.51,35,33,59,61,1.75,JPN
22,1947-1949,105-109,0.68390,0.97551,1.34,2,2,2,2,1.46,JPN
23,1947-1949,110+,0.76953,1.00000,1.30,0,0,0,0,1.30,JPN
24,1950-1959,0,0.04595,0.04432,0.20,100000,4432,96451,6407260,64.07,JPN
25,1950-1959,1-4,0.00555,0.02193,1.62,95568,2095,377292,6310809,66.03,JPN
26,1950-1959,5-9,0.00142,0.00707,2.02,93473,660,465395,5933517,63.48,JPN
27,1950-1959,10-14,0.00077,0.00383,2.52,92812,356,463179,5468122,58.92,JPN
28,1950-1959,15-19,0.00148,0.00739,2.89,92456,683,460837,5004943,54.13,JPN
29,1950-1959,20-24,0.00266,0.01321,2.62,91773,1213,455974,4544106,49.51,JPN
30,1950-1959,25-29,0.00296,0.01468,2.51,90560,1330,449491,4088132,45.14,JPN
31,1950-1959,30-34,0.00311,0.01543,2.54,89231,1377,442766,3638641,40.78,JPN
32,1950-1959,35-39,0.00366,0.01814,2.58,87854,1593,435410,3195875,36.38,JPN
33,1950-1959,40-44,0.00466,0.02305,2.61,86261,1989,426541,2760466,32.00,JPN
34,1950-1959,45-49,0.00665,0.03274,2.65,84272,2759,414877,2333925,27.70,JPN
35,1950-1959,50-54,0.00997,0.04872,2.64,81513,3971,398207,1919048,23.54,JPN
36,1950-1959,55-59,0.01524,0.07355,2.65,77542,5704,374323,1520841,19.61,JPN
37,1950-1959,60-64,0.02366,0.11203,2.64,71838,8048,340212,1146518,15.96,JPN
38,1950-1959,65-69,0.03813,0.17477,2.62,63790,11149,292429,806305,12.64,JPN
39,1950-1959,70-74,0.06128,0.26656,2.56,52641,14032,228988,513876,9.76,JPN
40,1950-1959,75-79,0.09546,0.38475,2.48,38609,14855,155616,284888,7.38,JPN
41,1950-1959,80-84,0.14863,0.53425,2.37,23754,12691,85384,129272,5.44,JPN
42,1950-1959,85-89,0.22462,0.69020,2.21,11064,7636,33995,43888,3.97,JPN
43,1950-1959,90-94,0.32992,0.82696,1.98,3428,2834,8591,9893,2.89,JPN
44,1950-1959,95-99,0.44608,0.90834,1.74,593,539,1208,1302,2.19,JPN
45,1950-1959,100-104,0.57446,0.95525,1.51,54,52,90,94,1.73,JPN
46,1950-1959,105-109,0.69533,0.97723,1.32,2,2,3,3,1.43,JPN
47,1950-1959,110+,0.78388,1.00000,1.28,0,0,0,0,1.28,JPN
48,1960-1969,0,0.02138,0.02098,0.11,100000,2098,98137,7011423,70.11,JPN
49,1960-1969,1-4,0.00155,0.00620,1.65,97902,607,390182,6913286,70.61,JPN
50,1960-1969,5-9,0.00064,0.00322,2.19,97296,313,485598,6523105,67.04,JPN
51,1960-1969,10-14,0.00042,0.00210,2.53,96982,204,484409,6037506,62.25,JPN
52,1960-1969,15-19,0.00079,0.00396,2.82,96779,384,483057,5553098,57.38,JPN
53,1960-1969,20-24,0.00127,0.00633,2.60,96395,611,480511,5070041,52.60,JPN
54,1960-1969,25-29,0.00146,0.00725,2.54,95784,695,477211,4589530,47.92,JPN
55,1960-1969,30-34,0.00170,0.00845,2.60,95090,804,473520,4112319,43.25,JPN
56,1960-1969,35-39,0.00223,0.01111,2.62,94286,1048,468937,3638799,38.59,JPN
57,1960-1969,40-44,0.00306,0.01520,2.64,93238,1417,462847,3169862,34.00,JPN
58,1960-1969,45-49,0.00462,0.02286,2.67,91821,2099,454217,2707015,29.48,JPN
59,1960-1969,50-54,0.00728,0.03577,2.67,89722,3210,441133,2252798,25.11,JPN
60,1960-1969,55-59,0.01175,0.05720,2.68,86512,4948,421093,1811665,20.94,JPN
61,1960-1969,60-64,0.01905,0.09121,2.66,81564,7439,390443,1390572,17.05,JPN
62,1960-1969,65-69,0.03130,0.14575,2.64,74125,10804,345116,1000129,13.49,JPN
63,1960-1969,70-74,0.05257,0.23346,2.60,63321,14783,281175,655013,10.34,JPN
64,1960-1969,75-79,0.08785,0.36082,2.53,48538,17514,199362,373838,7.70,JPN
65,1960-1969,80-84,0.14157,0.51724,2.40,31024,16047,113353,174475,5.62,JPN
66,1960-1969,85-89,0.21703,0.67736,2.23,14977,10145,46746,61123,4.08,JPN
67,1960-1969,90-94,0.31750,0.81347,2.00,4832,3931,12381,14377,2.98,JPN
68,1960-1969,95-99,0.44146,0.90636,1.75,901,817,1851,1996,2.21,JPN
69,1960-1969,100-104,0.57415,0.95542,1.51,84,81,140,146,1.73,JPN
70,1960-1969,105-109,0.69899,0.97781,1.32,4,4,5,5,1.43,JPN
71,1960-1969,110+,0.78974,1.00000,1.27,0,0,0,0,1.27,JPN
72,1970-1979,0,0.01055,0.01046,0.13,100000,1046,99088,7418710,74.19,JPN
73,1970-1979,1-4,0.00087,0.00346,1.61,98954,343,394997,7319622,73.97,JPN
74,1970-1979,5-9,0.00037,0.00185,2.20,98612,182,492547,6924624,70.22,JPN
75,1970-1979,10-14,0.00026,0.00128,2.60,98429,126,491844,6432077,65.35,JPN
76,1970-1979,15-19,0.00064,0.00319,2.79,98303,313,490822,5940233,60.43,JPN
77,1970-1979,20-24,0.00083,0.00416,2.52,97990,408,488938,5449411,55.61,JPN
78,1970-1979,25-29,0.00088,0.00441,2.54,97582,430,486851,4960473,50.83,JPN
79,1970-1979,30-34,0.00109,0.00544,2.63,97152,529,484505,4473622,46.05,JPN
80,1970-1979,35-39,0.00158,0.00789,2.67,96623,763,481335,3989117,41.29,JPN
81,1970-1979,40-44,0.00244,0.01211,2.66,95860,1161,476590,3507782,36.59,JPN
82,1970-1979,45-49,0.00360,0.01786,2.64,94700,1692,469509,3031192,32.01,JPN
83,1970-1979,50-54,0.00529,0.02615,2.65,93008,2432,459315,2561683,27.54,JPN
84,1970-1979,55-59,0.00824,0.04044,2.68,90576,3663,444373,2102368,23.21,JPN
85,1970-1979,60-64,0.01350,0.06546,2.68,86914,5689,421364,1657995,19.08,JPN
86,1970-1979,65-69,0.02304,0.10934,2.67,81225,8881,385457,1236631,15.22,JPN
87,1970-1979,70-74,0.03986,0.18214,2.64,72344,13177,330618,851174,11.77,JPN
88,1970-1979,75-79,0.06849,0.29377,2.58,59167,17382,253766,520556,8.80,JPN
89,1970-1979,80-84,0.11588,0.44809,2.47,41785,18723,161581,266790,6.38,JPN
90,1970-1979,85-89,0.18652,0.62051,2.30,23062,14310,76721,105208,4.56,JPN
91,1970-1979,90-94,0.28477,0.77727,2.08,8752,6802,23887,28487,3.26,JPN
92,1970-1979,95-99,0.41154,0.89034,1.81,1949,1736,4217,4600,2.36,JPN
93,1970-1979,100-104,0.55313,0.95046,1.55,214,203,367,383,1.79,JPN
94,1970-1979,105-109,0.68942,0.97689,1.33,11,10,15,15,1.45,JPN
95,1970-1979,110+,0.78867,1.00000,1.27,0,0,0,0,1.27,JPN
96,1980-1989,0,0.00588,0.00585,0.14,100000,585,99495,7768710,77.69,JPN
97,1980-1989,1-4,0.00053,0.00211,1.56,99415,209,397150,7669215,77.14,JPN
98,1980-1989,5-9,0.00022,0.00112,2.24,99206,111,495721,7272065,73.30,JPN
99,1980-1989,10-14,0.00017,0.00083,2.63,99094,82,495276,6776344,68.38,JPN
100,1980-1989,15-19,0.00048,0.00238,2.84,99012,236,494549,6281068,63.44,JPN
101,1980-1989,20-24,0.00059,0.00293,2.47,98776,290,493146,5786518,58.58,JPN
102,1980-1989,25-29,0.00062,0.00311,2.54,98486,306,491679,5293372,53.75,JPN
103,1980-1989,30-34,0.00075,0.00377,2.62,98180,370,490019,4801693,48.91,JPN
104,1980-1989,35-39,0.00109,0.00545,2.67,97810,533,487811,4311673,44.08,JPN
105,1980-1989,40-44,0.00173,0.00864,2.68,97278,840,484443,3823862,39.31,JPN
106,1980-1989,45-49,0.00281,0.01396,2.69,96438,1347,479079,3339419,34.63,JPN
107,1980-1989,50-54,0.00448,0.02216,2.66,95091,2107,470523,2860341,30.08,JPN
108,1980-1989,55-59,0.00660,0.03248,2.63,92984,3020,457758,2389818,25.70,JPN
109,1980-1989,60-64,0.00980,0.04789,2.65,89964,4309,439717,1932060,21.48,JPN
110,1980-1989,65-69,0.01592,0.07676,2.68,85656,6575,413042,1492343,17.42,JPN
111,1980-1989,70-74,0.02780,0.13057,2.67,79081,10326,371387,1079301,13.65,JPN
112,1980-1989,75-79,0.04996,0.22347,2.64,68755,15364,307507,707915,10.30,JPN
113,1980-1989,80-84,0.08897,0.36498,2.54,53391,19487,219015,400408,7.50,JPN
114,1980-1989,85-89,0.14902,0.53694,2.40,33904,18204,122163,181393,5.35,JPN
115,1980-1989,90-94,0.23702,0.71138,2.19,15700,11168,47121,59230,3.77,JPN
116,1980-1989,95-99,0.35779,0.85265,1.93,4531,3864,10799,12109,2.67,JPN
117,1980-1989,100-104,0.50192,0.93448,1.64,668,624,1243,1310,1.96,JPN
118,1980-1989,105-109,0.64903,0.97130,1.39,44,42,65,67,1.53,JPN
119,1980-1989,110+,0.76002,1.00000,1.32,1,1,2,2,1.32,JPN
120,1990-1999,0,0.00411,0.00410,0.14,100000,410,99648,7990307,79.90,JPN
121,1990-1999,1-4,0.00040,0.00159,1.55,99590,158,397974,7890659,79.23,JPN
122,1990-1999,5-9,0.00017,0.00084,2.25,99432,83,496931,7492685,75.35,JPN
123,1990-1999,10-14,0.00014,0.00069,2.68,99349,68,496586,6995753,70.42,JPN
124,1990-1999,15-19,0.00039,0.00193,2.89,99280,191,495999,6499168,65.46,JPN
125,1990-1999,20-24,0.00051,0.00253,2.48,99089,250,494814,6003169,60.58,JPN
126,1990-1999,25-29,0.00052,0.00262,2.55,98839,259,493560,5508354,55.73,JPN
127,1990-1999,30-34,0.00064,0.00319,2.60,98580,315,492144,5014794,50.87,JPN
128,1990-1999,35-39,0.00090,0.00447,2.65,98265,439,490294,4522650,46.02,JPN
129,1990-1999,40-44,0.00142,0.00709,2.70,97826,693,487532,4032356,41.22,JPN
130,1990-1999,45-49,0.00233,0.01160,2.69,97133,1127,483058,3544825,36.49,JPN
131,1990-1999,50-54,0.00366,0.01816,2.66,96006,1744,475950,3061766,31.89,JPN
132,1990-1999,55-59,0.00568,0.02801,2.67,94262,2641,465160,2585817,27.43,JPN
133,1990-1999,60-64,0.00899,0.04402,2.66,91622,4034,448667,2120657,23.15,JPN
134,1990-1999,65-69,0.01378,0.06674,2.64,87588,5846,424156,1671990,19.09,JPN
135,1990-1999,70-74,0.02185,0.10392,2.66,81743,8495,388833,1247834,15.27,JPN
136,1990-1999,75-79,0.03799,0.17446,2.66,73248,12779,336366,859001,11.73,JPN
137,1990-1999,80-84,0.06890,0.29548,2.59,60469,17867,259335,522635,8.64,JPN
138,1990-1999,85-89,0.11976,0.45969,2.47,42601,19584,163519,263301,6.18,JPN
139,1990-1999,90-94,0.19779,0.64353,2.29,23018,14813,74889,99782,4.33,JPN
140,1990-1999,95-99,0.30860,0.80667,2.04,8205,6619,21448,24892,3.03,JPN
141,1990-1999,100-104,0.45013,0.91272,1.74,1586,1448,3216,3444,2.17,JPN
142,1990-1999,105-109,0.60361,0.96322,1.47,138,133,221,228,1.65,JPN
143,1990-1999,110+,0.72438,1.00000,1.38,5,5,7,7,1.38,JPN
144,2000-2009,0,0.00283,0.00282,0.14,100000,282,99758,8214236,82.14,JPN
145,2000-2009,1-4,0.00025,0.00101,1.57,99718,101,398624,8114478,81.37,JPN
146,2000-2009,5-9,0.00011,0.00054,2.30,99617,54,497937,7715853,77.46,JPN
147,2000-2009,10-14,0.00010,0.00049,2.75,99563,49,497704,7217916,72.50,JPN
148,2000-2009,15-19,0.00029,0.00143,2.89,99514,142,497270,6720212,67.53,JPN
149,2000-2009,20-24,0.00045,0.00224,2.57,99372,223,496317,6222942,62.62,JPN
150,2000-2009,25-29,0.00049,0.00246,2.57,99149,244,495151,5726626,57.76,JPN
151,2000-2009,30-34,0.00061,0.00307,2.61,98905,303,493798,5231475,52.89,JPN
152,2000-2009,35-39,0.00086,0.00428,2.65,98602,422,492017,4737677,48.05,JPN
153,2000-2009,40-44,0.00130,0.00646,2.67,98179,634,489420,4245660,43.24,JPN
154,2000-2009,45-49,0.00204,0.01017,2.68,97545,992,485421,3756240,38.51,JPN
155,2000-2009,50-54,0.00327,0.01621,2.67,96553,1565,479117,3270819,33.88,JPN
156,2000-2009,55-59,0.00490,0.02422,2.64,94988,2300,469520,2791702,29.39,JPN
157,2000-2009,60-64,0.00722,0.03547,2.65,92688,3288,455703,2322182,25.05,JPN
158,2000-2009,65-69,0.01108,0.05401,2.67,89400,4828,435733,1866479,20.88,JPN
159,2000-2009,70-74,0.01806,0.08664,2.66,84571,7328,405731,1430746,16.92,JPN
160,2000-2009,75-79,0.03010,0.14055,2.65,77244,10856,360700,1025015,13.27,JPN
161,2000-2009,80-84,0.05228,0.23246,2.62,66387,15432,295203,664315,10.01,JPN
162,2000-2009,85-89,0.09216,0.37576,2.54,50955,19147,207752,369112,7.24,JPN
163,2000-2009,90-94,0.15881,0.56112,2.39,31808,17848,112383,161360,5.07,JPN
164,2000-2009,95-99,0.25820,0.74512,2.16,13960,10402,40286,48977,3.51,JPN
165,2000-2009,100-104,0.39522,0.88183,1.86,3558,3138,7939,8691,2.44,JPN
166,2000-2009,105-109,0.55426,0.95190,1.55,420,400,722,752,1.79,JPN
167,2000-2009,110+,0.68503,1.00000,1.46,20,20,30,30,1.46,JPN
168,2010-2019,0,0.00208,0.00207,0.14,100000,207,99823,8369972,83.70,JPN
169,2010-2019,1-4,0.00020,0.00080,1.55,99793,79,398976,8270149,82.87,JPN
170,2010-2019,5-9,0.00009,0.00043,2.31,99713,43,498450,7871173,78.94,JPN
171,2010-2019,10-14,0.00009,0.00044,2.77,99670,44,498252,7372723,73.97,JPN
172,2010-2019,15-19,0.00022,0.00108,2.87,99626,108,497900,6874471,69.00,JPN
173,2010-2019,20-24,0.00038,0.00192,2.59,99518,191,497129,6376571,64.07,JPN
174,2010-2019,25-29,0.00043,0.00213,2.54,99327,212,496112,5879442,59.19,JPN
175,2010-2019,30-34,0.00052,0.00257,2.59,99115,255,494958,5383330,54.31,JPN
176,2010-2019,35-39,0.00069,0.00345,2.64,98860,341,493494,4888372,49.45,JPN
177,2010-2019,40-44,0.00104,0.00519,2.66,98519,512,491397,4394877,44.61,JPN
178,2010-2019,45-49,0.00164,0.00817,2.69,98007,800,488186,3903480,39.83,JPN
179,2010-2019,50-54,0.00260,0.01295,2.67,97207,1258,483103,3415294,35.13,JPN
180,2010-2019,55-59,0.00398,0.01972,2.67,95948,1892,475327,2932190,30.56,JPN
181,2010-2019,60-64,0.00623,0.03069,2.66,94056,2886,463524,2456864,26.12,JPN
182,2010-2019,65-69,0.00954,0.04667,2.65,91170,4255,445869,1993340,21.86,JPN
183,2010-2019,70-74,0.01490,0.07198,2.66,86915,6256,419913,1547470,17.80,JPN
184,2010-2019,75-79,0.02512,0.11868,2.68,80659,9573,381077,1127557,13.98,JPN
185,2010-2019,80-84,0.04587,0.20706,2.65,71086,14719,320883,746480,10.50,JPN
186,2010-2019,85-89,0.08401,0.34887,2.57,56367,19665,234068,425597,7.55,JPN
187,2010-2019,90-94,0.15033,0.54164,2.42,36702,19879,132234,191528,5.22,JPN
188,2010-2019,95-99,0.25535,0.74249,2.18,16823,12491,48917,59294,3.52,JPN
189,2010-2019,100-104,0.40319,0.88846,1.85,4332,3849,9546,10378,2.40,JPN
190,2010-2019,105-109,0.57621,0.95825,1.52,483,463,804,832,1.72,JPN
191,2010-2019,110+,0.71634,1.00000,1.40,20,20,28,28,1.40,JPN
192,2020-2021,0,0.00177,0.00176,0.15,100000,176,99849,8464800,84.65,JPN
193,2020-2021,1-4,0.00013,0.00054,1.54,99824,54,399162,8364951,83.80,JPN
194,2020-2021,5-9,0.00006,0.00032,2.39,99770,32,498767,7965788,79.84,JPN
195,2020-2021,10-14,0.00008,0.00041,2.90,99738,41,498606,7467021,74.87,JPN
196,2020-2021,15-19,0.00022,0.00110,2.82,99698,109,498250,6968415,69.90,JPN
197,2020-2021,20-24,0.00037,0.00184,2.56,99588,184,497493,6470165,64.97,JPN
198,2020-2021,25-29,0.00038,0.00192,2.53,99405,191,496553,5972672,60.08,JPN
199,2020-2021,30-34,0.00045,0.00227,2.64,99214,225,495538,5476120,55.20,JPN
200,2020-2021,35-39,0.00060,0.00301,2.61,98989,298,494232,4980582,50.31,JPN
201,2020-2021,40-44,0.00090,0.00450,2.67,98690,444,492414,4486350,45.46,JPN
202,2020-2021,45-49,0.00144,0.00720,2.69,98246,707,489598,3993936,40.65,JPN
203,2020-2021,50-54,0.00234,0.01165,2.66,97539,1136,485033,3504338,35.93,JPN
204,2020-2021,55-59,0.00360,0.01783,2.65,96402,1719,477972,3019305,31.32,JPN
205,2020-2021,60-64,0.00549,0.02711,2.67,94683,2567,467444,2541333,26.84,JPN
206,2020-2021,65-69,0.00874,0.04281,2.68,92116,3944,451412,2073889,22.51,JPN
207,2020-2021,70-74,0.01415,0.06849,2.65,88172,6039,426676,1622477,18.40,JPN
208,2020-2021,75-79,0.02304,0.10933,2.66,82134,8980,389675,1195801,14.56,JPN
209,2020-2021,80-84,0.04077,0.18609,2.66,73154,13613,333913,806125,11.02,JPN
210,2020-2021,85-89,0.07632,0.32270,2.61,59541,19214,251755,472212,7.93,JPN
211,2020-2021,90-94,0.14039,0.51679,2.45,40327,20841,148454,220457,5.47,JPN
212,2020-2021,95-99,0.24021,0.72012,2.22,19486,14033,58418,72003,3.70,JPN
213,2020-2021,100-104,0.38574,0.87713,1.89,5454,4784,12401,13585,2.49,JPN
214,2020-2021,105-109,0.56071,0.95463,1.55,670,640,1141,1184,1.77,JPN
215,2020-2021,110+,0.70500,1.00000,1.42,30,30,43,43,1.42,JPN
0,1960-1969,0,0.02980,0.02906,0.14,100000,2906,97506,6909950,69.10,RUS
1,1960-1969,1-4,0.00188,0.00749,1.44,97094,727,386513,6812445,70.16,RUS
2,1960-1969,5-9,0.00079,0.00394,2.35,96367,379,480829,6425932,66.68,RUS
3,1960-1969,10-14,0.00061,0.00307,2.54,95988,294,479216,5945103,61.94,RUS
4,1960-1969,15-19,0.00113,0.00565,2.83,95693,540,477294,5465887,57.12,RUS
5,1960-1969,20-24,0.00174,0.00866,2.62,95153,824,473808,4988593,52.43,RUS
6,1960-1969,25-29,0.00224,0.01116,2.55,94329,1053,469062,4514785,47.86,RUS
7,1960-1969,30-34,0.00284,0.01412,2.55,93276,1317,463148,4045723,43.37,RUS
8,1960-1969,35-39,0.00348,0.01727,2.56,91959,1588,455915,3582574,38.96,RUS
9,1960-1969,40-44,0.00443,0.02191,2.56,90371,1980,447019,3126660,34.60,RUS
10,1960-1969,45-49,0.00580,0.02858,2.59,88391,2527,435861,2679641,30.32,RUS
11,1960-1969,50-54,0.00821,0.04028,2.61,85864,3458,421065,2243780,26.13,RUS
12,1960-1969,55-59,0.01196,0.05813,2.61,82406,4791,400582,1822716,22.12,RUS
13,1960-1969,60-64,0.01863,0.08917,2.61,77615,6921,371539,1422133,18.32,RUS
14,1960-1969,65-69,0.02811,0.13159,2.58,70695,9303,330969,1050594,14.86,RUS
15,1960-1969,70-74,0.04518,0.20367,2.58,61392,12504,276729,719625,11.72,RUS
16,1960-1969,75-79,0.06985,0.29708,2.49,48888,14524,207916,442897,9.06,RUS
17,1960-1969,80-84,0.11260,0.43642,2.42,34365,14998,133195,234981,6.84,RUS
18,1960-1969,85-89,0.16637,0.57080,2.25,19367,11055,66446,101786,5.26,RUS
19,1960-1969,90-94,0.21023,0.65066,2.07,8312,5409,25727,35340,4.25,RUS
20,1960-1969,95-99,0.28505,0.77267,2.04,2904,2244,7871,9613,3.31,RUS
21,1960-1969,100-104,0.36746,0.85434,1.87,660,564,1535,1742,2.64,RUS
22,1960-1969,105-109,0.45868,0.91151,1.69,96,88,191,207,2.15,RUS
23,1960-1969,110+,0.53415,1.00000,1.87,9,9,16,16,1.87,RUS
24,1970-1979,0,0.02266,0.02222,0.12,100000,2222,98037,6842984,68.43,RUS
25,1970-1979,1-4,0.00142,0.00565,1.49,97778,553,389725,6744947,68.98,RUS
26,1970-1979,5-9,0.00067,0.00334,2.39,97226,325,485281,6355222,65.37,RUS
27,1970-1979,10-14,0.00054,0.00269,2.55,96901,260,483867,5869941,60.58,RUS
28,1970-1979,15-19,0.00114,0.00568,2.81,96641,549,481999,5386074,55.73,RUS
29,1970-1979,20-24,0.00192,0.00958,2.64,96092,920,478283,4904075,51.04,RUS
30,1970-1979,25-29,0.00248,0.01231,2.58,95171,1172,473024,4425793,46.50,RUS
31,1970-1979,30-34,0.00323,0.01604,2.57,94000,1508,466340,3952768,42.05,RUS
32,1970-1979,35-39,0.00428,0.02120,2.59,92492,1961,457740,3486428,37.69,RUS
33,1970-1979,40-44,0.00567,0.02797,2.58,90531,2532,446535,3028688,33.45,RUS
34,1970-1979,45-49,0.00751,0.03686,2.59,87998,3244,432182,2582153,29.34,RUS
35,1970-1979,50-54,0.01001,0.04888,2.58,84754,4143,413748,2149971,25.37,RUS
36,1970-1979,55-59,0.01337,0.06475,2.60,80611,5220,390509,1736223,21.54,RUS
37,1970-1979,60-64,0.01963,0.09376,2.61,75392,7068,360078,1345714,17.85,RUS
38,1970-1979,65-69,0.02950,0.13778,2.61,68323,9413,319103,985636,14.43,RUS
39,1970-1979,70-74,0.04711,0.21148,2.59,58910,12459,264481,666533,11.31,RUS
40,1970-1979,75-79,0.07579,0.31945,2.54,46451,14839,195794,402052,8.66,RUS
41,1970-1979,80-84,0.11975,0.45762,2.42,31612,14466,120808,206258,6.52,RUS
42,1970-1979,85-89,0.17438,0.59097,2.27,17146,10133,58108,85450,4.98,RUS
43,1970-1979,90-94,0.23365,0.69703,2.11,7013,4888,20922,27342,3.90,RUS
44,1970-1979,95-99,0.31522,0.80763,1.98,2125,1716,5444,6420,3.02,RUS
45,1970-1979,100-104,0.40876,0.88446,1.79,409,362,884,976,2.39,RUS
46,1970-1979,105-109,0.50967,0.93371,1.61,47,44,87,92,1.94,RUS
47,1970-1979,110+,0.59207,1.00000,1.69,3,3,5,5,1.69,RUS
48,1980-1989,0,0.02024,0.01988,0.11,100000,1988,98227,6862906,68.63,RUS
49,1980-1989,1-4,0.00129,0.00515,1.45,98012,505,390760,6764679,69.02,RUS
50,1980-1989,5-9,0.00059,0.00295,2.40,97506,287,486785,6373919,65.37,RUS
51,1980-1989,10-14,0.00048,0.00240,2.58,97219,233,485530,5887133,60.56,RUS
52,1980-1989,15-19,0.00107,0.00535,2.82,96986,519,483799,5401603,55.69,RUS
53,1980-1989,20-24,0.00175,0.00873,2.61,96467,843,480323,4917804,50.98,RUS
54,1980-1989,25-29,0.00222,0.01103,2.58,95624,1055,475571,4437481,46.41,RUS
55,1980-1989,30-34,0.00284,0.01409,2.58,94570,1332,469623,3961910,41.89,RUS
56,1980-1989,35-39,0.00369,0.01829,2.61,93237,1705,462119,3492287,37.46,RUS
57,1980-1989,40-44,0.00557,0.02747,2.63,91532,2515,451692,3030168,33.10,RUS
58,1980-1989,45-49,0.00760,0.03730,2.61,89017,3321,437145,2578476,28.97,RUS
59,1980-1989,50-54,0.01094,0.05329,2.61,85697,4567,417585,2141331,24.99,RUS
60,1980-1989,55-59,0.01501,0.07245,2.59,81130,5878,391475,1723747,21.25,RUS
61,1980-1989,60-64,0.02086,0.09931,2.59,75252,7473,358244,1332272,17.70,RUS
62,1980-1989,65-69,0.03029,0.14116,2.60,67779,9568,315913,974028,14.37,RUS
63,1980-1989,70-74,0.04677,0.21010,2.58,58211,12230,261485,658115,11.31,RUS
64,1980-1989,75-79,0.07328,0.31028,2.53,45981,14267,194699,396630,8.63,RUS
65,1980-1989,80-84,0.12102,0.46188,2.44,31714,14648,121033,201932,6.37,RUS
66,1980-1989,85-89,0.18442,0.61341,2.27,17066,10469,56765,80899,4.74,RUS
67,1980-1989,90-94,0.25156,0.72439,2.07,6597,4779,18998,24134,3.66,RUS
68,1980-1989,95-99,0.33925,0.83202,1.94,1818,1513,4459,5136,2.82,RUS
69,1980-1989,100-104,0.44284,0.90489,1.73,305,276,624,676,2.21,RUS
70,1980-1989,105-109,0.55222,0.94811,1.54,29,28,50,52,1.80,RUS
71,1980-1989,110+,0.64037,1.00000,1.56,2,2,2,2,1.56,RUS
72,1990-1999,0,0.01765,0.01738,0.11,100000,1738,98458,6641379,66.41,RUS
73,1990-1999,1-4,0.00105,0.00421,1.59,98262,413,392052,6542920,66.59,RUS
74,1990-1999,5-9,0.00053,0.00267,2.40,97849,261,488566,6150868,62.86,RUS
75,1990-1999,10-14,0.00048,0.00239,2.67,97588,234,487395,5662303,58.02,RUS
76,1990-1999,15-19,0.00139,0.00691,2.89,97354,673,485349,5174908,53.16,RUS
77,1990-1999,20-24,0.00239,0.01187,2.59,96681,1148,480644,4689559,48.51,RUS
78,1990-1999,25-29,0.00290,0.01442,2.57,95534,1378,474324,4208915,44.06,RUS
79,1990-1999,30-34,0.00379,0.01876,2.59,94156,1766,466523,3734591,39.66,RUS
80,1990-1999,35-39,0.00510,0.02519,2.61,92390,2327,456374,3268069,35.37,RUS
81,1990-1999,40-44,0.00726,0.03567,2.61,90062,3212,442639,2811694,31.22,RUS
82,1990-1999,45-49,0.01030,0.05026,2.57,86850,4365,423657,2369055,27.28,RUS
83,1990-1999,50-54,0.01353,0.06550,2.59,82485,5403,399412,1945398,23.58,RUS
84,1990-1999,55-59,0.01886,0.09014,2.56,77082,6948,368483,1545987,20.06,RUS
85,1990-1999,60-64,0.02594,0.12205,2.58,70134,8560,329922,1177504,16.79,RUS
86,1990-1999,65-69,0.03601,0.16549,2.56,61574,10190,282998,847582,13.77,RUS
87,1990-1999,70-74,0.05071,0.22545,2.54,51384,11584,228422,564584,10.99,RUS
88,1990-1999,75-79,0.07570,0.31878,2.53,39800,12688,167607,336162,8.45,RUS
89,1990-1999,80-84,0.12165,0.46406,2.45,27112,12582,103426,168555,6.22,RUS
90,1990-1999,85-89,0.19215,0.63146,2.29,14530,9175,47752,65129,4.48,RUS
91,1990-1999,90-94,0.28715,0.77832,2.06,5355,4168,14515,17377,3.24,RUS
92,1990-1999,95-99,0.40250,0.88374,1.83,1187,1049,2606,2862,2.41,RUS
93,1990-1999,100-104,0.53489,0.94451,1.58,138,130,244,255,1.85,RUS
94,1990-1999,105-109,0.66433,0.97308,1.37,8,7,11,11,1.50,RUS
95,1990-1999,110+,0.76105,1.00000,1.31,0,0,0,0,1.31,RUS
96,2000-2009,0,0.01158,0.01147,0.13,100000,1147,98997,6615653,66.16,RUS
97,2000-2009,1-4,0.00075,0.00298,1.64,98853,294,394717,6516656,65.92,RUS
98,2000-2009,5-9,0.00039,0.00196,2.42,98559,193,492295,6121938,62.11,RUS
99,2000-2009,10-14,0.00041,0.00204,2.69,98366,201,491364,5629643,57.23,RUS
100,2000-2009,15-19,0.00118,0.00587,2.90,98165,576,489614,5138279,52.34,RUS
101,2000-2009,20-24,0.00238,0.01181,2.69,97589,1153,485285,4648665,47.64,RUS
102,2000-2009,25-29,0.00362,0.01794,2.61,96436,1730,478040,4163380,43.17,RUS
103,2000-2009,30-34,0.00469,0.02317,2.55,94706,2194,468149,3685340,38.91,RUS
104,2000-2009,35-39,0.00587,0.02894,2.58,92511,2677,456076,3217191,34.78,RUS
105,2000-2009,40-44,0.00808,0.03962,2.57,89835,3559,440538,2761115,30.74,RUS
106,2000-2009,45-49,0.01097,0.05341,2.58,86276,4608,420240,2320576,26.90,RUS
107,2000-2009,50-54,0.01512,0.07289,2.56,81667,5953,393788,1900337,23.27,RUS
108,2000-2009,55-59,0.01981,0.09443,2.54,75715,7150,361000,1506549,19.90,RUS
109,2000-2009,60-64,0.02726,0.12778,2.55,68565,8762,321394,1145549,16.71,RUS
110,2000-2009,65-69,0.03596,0.16520,2.54,59803,9879,274750,824155,13.78,RUS
111,2000-2009,70-74,0.05184,0.23006,2.56,49924,11485,221567,549405,11.00,RUS
112,2000-2009,75-79,0.07663,0.32156,2.50,38439,12360,161305,327838,8.53,RUS
113,2000-2009,80-84,0.11613,0.44794,2.45,26078,11681,100586,166533,6.39,RUS
114,2000-2009,85-89,0.18520,0.61850,2.32,14397,8904,48081,65947,4.58,RUS
115,2000-2009,90-94,0.28579,0.77897,2.08,5492,4278,14970,17866,3.25,RUS
116,2000-2009,95-99,0.40696,0.88724,1.82,1214,1077,2647,2895,2.38,RUS
117,2000-2009,100-104,0.54529,0.94795,1.56,137,130,238,248,1.82,RUS
118,2000-2009,105-109,0.67769,0.97510,1.35,7,7,10,10,1.47,RUS
119,2000-2009,110+,0.77377,1.00000,1.29,0,0,0,0,1.29,RUS
120,2010-2014,0,0.00805,0.00799,0.13,100000,799,99307,7010242,70.10,RUS
121,2010-2014,1-4,0.00048,0.00192,1.66,99201,190,396358,6910935,69.67,RUS
122,2010-2014,5-9,0.00027,0.00133,2.42,99011,132,494714,6514577,65.80,RUS
123,2010-2014,10-14,0.00030,0.00151,2.77,98879,149,494062,6019863,60.88,RUS
124,2010-2014,15-19,0.00080,0.00401,2.85,98730,396,492795,5525800,55.97,RUS
125,2010-2014,20-24,0.00153,0.00762,2.69,98334,749,489935,5033005,51.18,RUS
126,2010-2014,25-29,0.00254,0.01264,2.71,97585,1234,485095,4543070,46.56,RUS
127,2010-2014,30-34,0.00401,0.01988,2.61,96351,1915,477181,4057975,42.12,RUS
128,2010-2014,35-39,0.00496,0.02450,2.53,94435,2313,466464,3580794,37.92,RUS
129,2010-2014,40-44,0.00585,0.02885,2.57,92122,2658,454154,3114330,33.81,RUS
130,2010-2014,45-49,0.00773,0.03792,2.59,89464,3393,439161,2660176,29.73,RUS
131,2010-2014,50-54,0.01050,0.05119,2.60,86072,4406,419768,2221015,25.80,RUS
132,2010-2014,55-59,0.01489,0.07188,2.59,81666,5870,394207,1801247,22.06,RUS
133,2010-2014,60-64,0.02115,0.10058,2.56,75796,7624,360411,1407040,18.56,RUS
134,2010-2014,65-69,0.02788,0.13059,2.58,68172,8903,319273,1046629,15.35,RUS
135,2010-2014,70-74,0.04088,0.18597,2.57,59270,11023,269607,727356,12.27,RUS
136,2010-2014,75-79,0.06287,0.27260,2.56,48247,13152,209187,457748,9.49,RUS
137,2010-2014,80-84,0.10004,0.39959,2.48,35095,14023,140184,248561,7.08,RUS
138,2010-2014,85-89,0.15788,0.55730,2.36,21071,11743,74379,108378,5.14,RUS
139,2010-2014,90-94,0.24943,0.73119,2.17,9328,6821,27346,33999,3.64,RUS
140,2010-2014,95-99,0.36137,0.85459,1.92,2508,2143,5930,6653,2.65,RUS
141,2010-2014,100-104,0.49674,0.93171,1.65,365,340,684,723,1.98,RUS
142,2010-2014,105-109,0.63328,0.96811,1.41,25,24,38,39,1.57,RUS
143,2010-2014,110+,0.73626,1.00000,1.36,1,1,1,1,1.36,RUS
0,2003-2009,0,0.00417,0.00416,0.14,100000,416,99643,7885529,78.86,KOR
1,2003-2009,1-4,0.00029,0.00117,1.73,99584,116,398072,7785887,78.18,KOR
2,2003-2009,5-9,0.00017,0.00083,2.31,99468,83,497117,7387815,74.27,KOR
3,2003-2009,10-14,0.00014,0.00071,2.69,99385,70,496764,6890697,69.33,KOR
4,2003-2009,15-19,0.00033,0.00163,2.77,99315,162,496215,6393933,64.38,KOR
5,2003-2009,20-24,0.00047,0.00236,2.63,99153,234,495213,5897718,59.48,KOR
6,2003-2009,25-29,0.00060,0.00301,2.56,98919,298,493870,5402505,54.62,KOR
7,2003-2009,30-34,0.00075,0.00374,2.62,98622,369,492230,4908636,49.77,KOR
8,2003-2009,35-39,0.00111,0.00554,2.69,98253,544,490010,4416406,44.95,KOR
9,2003-2009,40-44,0.00182,0.00905,2.69,97709,885,486506,3926395,40.18,KOR
10,2003-2009,45-49,0.00283,0.01405,2.66,96825,1360,480936,3439889,35.53,KOR
11,2003-2009,50-54,0.00416,0.02059,2.64,95465,1966,472692,2958953,31.00,KOR
12,2003-2009,55-59,0.00596,0.02939,2.63,93499,2748,460978,2486261,26.59,KOR
13,2003-2009,60-64,0.00915,0.04477,2.67,90751,4063,444288,2025283,22.32,KOR
14,2003-2009,65-69,0.01496,0.07228,2.68,86688,6266,418907,1580995,18.24,KOR
15,2003-2009,70-74,0.02511,0.11856,2.66,80422,9535,379754,1162089,14.45,KOR
16,2003-2009,75-79,0.04390,0.19892,2.64,70887,14100,321179,782335,11.04,KOR
17,2003-2009,80-84,0.07824,0.32858,2.56,56786,18659,238486,461156,8.12,KOR
18,2003-2009,85-89,0.13223,0.49373,2.44,38128,18825,142358,222670,5.84,KOR
19,2003-2009,90-94,0.20948,0.66391,2.24,19303,12815,61177,80311,4.16,KOR
20,2003-2009,95-99,0.31955,0.81733,2.01,6487,5302,16593,19134,2.95,KOR
21,2003-2009,100-104,0.45661,0.91527,1.73,1185,1085,2375,2541,2.14,KOR
22,2003-2009,105-109,0.60364,0.96291,1.46,100,97,160,165,1.65,KOR
23,2003-2009,110+,0.71925,1.00000,1.39,4,4,5,5,1.39,KOR
24,2010-2019,0,0.00298,0.00297,0.14,100000,297,99745,8203649,82.04,KOR
25,2010-2019,1-4,0.00017,0.00068,1.62,99703,68,398650,8103904,81.28,KOR
26,2010-2019,5-9,0.00009,0.00047,2.34,99635,47,498050,7705254,77.33,KOR
27,2010-2019,10-14,0.00010,0.00049,2.75,99588,49,497830,7207204,72.37,KOR
28,2010-2019,15-19,0.00024,0.00120,2.78,99539,120,497430,6709374,67.40,KOR
29,2010-2019,20-24,0.00036,0.00178,2.65,99419,177,496681,6211943,62.48,KOR
30,2010-2019,25-29,0.00049,0.00243,2.60,99242,241,495634,5715263,57.59,KOR
31,2010-2019,30-34,0.00063,0.00315,2.60,99001,312,494257,5219628,52.72,KOR
32,2010-2019,35-39,0.00086,0.00428,2.65,98689,422,492454,4725372,47.88,KOR
33,2010-2019,40-44,0.00130,0.00647,2.67,98267,635,489856,4232917,43.08,KOR
34,2010-2019,45-49,0.00203,0.01009,2.68,97632,985,485874,3743062,38.34,KOR
35,2010-2019,50-54,0.00307,0.01523,2.64,96647,1472,479756,3257187,33.70,KOR
36,2010-2019,55-59,0.00431,0.02134,2.64,95175,2031,471076,2777431,29.18,KOR
37,2010-2019,60-64,0.00628,0.03095,2.65,93144,2883,458943,2306355,24.76,KOR
38,2010-2019,65-69,0.00986,0.04820,2.69,90261,4350,441272,1847413,20.47,KOR
39,2010-2019,70-74,0.01736,0.08348,2.70,85911,7172,413079,1406141,16.37,KOR
40,2010-2019,75-79,0.03176,0.14791,2.68,78739,11646,366677,993062,12.61,KOR
41,2010-2019,80-84,0.05857,0.25716,2.63,67093,17254,294563,626384,9.34,KOR
42,2010-2019,85-89,0.10583,0.41910,2.52,49839,20888,197373,331821,6.66,KOR
43,2010-2019,90-94,0.17867,0.60481,2.33,28951,17510,98005,134448,4.64,KOR
44,2010-2019,95-99,0.29037,0.78722,2.09,11441,9007,31019,36443,3.19,KOR
45,2010-2019,100-104,0.43738,0.90705,1.77,2435,2208,5049,5424,2.23,KOR
46,2010-2019,105-109,0.59893,0.96259,1.48,226,218,364,375,1.66,KOR
47,2010-2019,110+,0.72557,1.00000,1.38,8,8,12,12,1.38,KOR
